UC;ANO;responsavel;nomeCastanhal;numeroCastanhal;nomePonto;vivaMorta;Tipo;cap;producaoMediaEmLatas;cipo;cupim;pontosDeResina;qualidadeCopa;Floresce;Coletada;Sangrada;cascaRetirada;obs
Ouro Preto;2019;Dona Deise;Capoeira;301;Dai 301;V;2;0,3;0;1;0;0;1;Não;Não;Não;Não;Árvore com 8 anos
Ouro Preto;2019;Dona Deise;Capoeira;302;Dai 302;V;1;337;1;2;2;0;2;Sim;Sim;Não;Não;Ninho de abelha arapuá
Ouro Preto;2019;Dona Deise;Capoeira;303;Dai 303;V;4;0,87;0;1;0;0;1;Não;Não;Sim;Não;Árvore com 18 anos
Ouro Preto;2019;Dona Deise;Capoeira;304;Dai 304;V;4;0,672;0;1;0;0;1;Não;Não;Sim;Não;Árvore com 18 anos
Ouro Preto;2019;Dona Deise;Capoeira;305;Dai 305;V;1;633;13;1;2;0;1;Sim;Sim;Sim;Não;
Ouro Preto;2019;Dona Deise;Capoeira;306;Dai 306;V;2;410;3;1;1;0;3;Sim;Sim;Sim;Não;
Ouro Preto;2019;Dona Deise;Capoeira;307;Dai 307;V;1;575;4;2;0;0;2;Sim;Sim;Sim;Não;Produz pouca castanha de 4 em 4 anos
Ouro Preto;2019;Dona Deise;Capoeira;308;Dai 308;V;2;213,2;0;1;0;0;4;Sim;Não;Sim;Sim;Nunca produziu
Ouro Preto;2019;Dona Deise;Capoeira;309;Dai 309;V;5;291;0,25;1;6;0;1;Sim;Sim;Sim;Não;Baixa produção
Ouro Preto;2019;Dona Deise;Capoeira;311;Dai 311;V;1;465,3;0,5;1;3;0;2;Sim;Sim;Sim;Não;Baixa produção
Ouro Preto;2019;Dona Deise;Capoeira;312;Dai 312;V;1;325;0;4;3;1;3;Sim;Não;Não;Não;Nunca produziu
Ouro Preto;2019;Dona Deise;Capoeira;313;Dai 313;V;1;512;0,75;1;2;0;1;Sim;Sim;Não;Não;Baixa produção
Ouro Preto;2019;Dona Deise;Capoeira;314;Dai 314;V;1;392;3;1;5;0;1;Sim;Sim;Não;Não;
Ouro Preto;2019;Dona Deise;Capoeira;315;Dai 315;V;2;280,2;0;2;3;0;2;Sim;Não;Não;Não;Não produz
Ouro Preto;2019;Dona Deise;Capoeira;316;Dai 316;V;1;457;36,6;1;2;0;1;Sim;Sim;Não;Não;Ninho de abelha amarela
Ouro Preto;2019;Dona Deise;Capoeira;317;Dai 317;V;2;117;0;1;0;0;1;Sim;Não;Sim;Não;
Ouro Preto;2019;Dona Deise;Itaúba;318;Dai 318;V;1;349,8;0;1;7;0;2;Sim;Não;Sim;Não;O castanhal não foi coletado nos últimos três anos.
Ouro Preto;2019;Dona Deise;Itaúba;319;Dai 319;V;1;258,2;0;2;5;0;1;Sim;Não;Sim;Não;O castanhal não foi coletado nos últimos três anos.
Ouro Preto;2019;Dona Deise;Itaúba;320;Dai 320;V;1;273;0;1;3;1;3;Sim;Não;Sim;Não;O castanhal não foi coletado nos últimos três anos.
Ouro Preto;2019;Dona Deise;Itaúba;321;Dai 321;V;1;505;0;2;3;0;1;Sim;Não;Sim;Não;O castanhal não foi coletado nos últimos três anos.
Ouro Preto;2019;Dona Deise;Itaúba;322;Dai 322;V;1;380;0;3;4;0;2;Sim;Não;Sim;Não;O castanhal não foi coletado nos últimos três anos.
Ouro Preto;2019;Dona Deise;Itaúba;323;Dai 323;V;2;310;0;3;3;1;2;Sim;Não;Não;Sim;O castanhal não foi coletado nos últimos três anos.
Ouro Preto;2019;Dona Deise;Itaúba;324;Dai 324;V;1;380;0;1;1;1;2;Sim;Não;Sim;Não;O castanhal não foi coletado nos últimos três anos.
Ouro Preto;2019;Dona Deise;Itaúba;325;Dai 325;V;2;239,2;0;3;3;3;2;Sim;Não;Sim;Não;O castanhal não foi coletado nos últimos três anos.
Ouro Preto;2019;Dona Deise;Itaúba;326;Dai 326;V;2;270,3;0;1;2;1;1;Sim;Não;Sim;Não;O castanhal não foi coletado nos últimos três anos.
Ouro Preto;2019;Dona Deise;Itaúba;327;Dai 327;V;1;363,3;0;1;4;0;1;Sim;Não;Sim;Não;O castanhal não foi coletado nos últimos três anos.
Ouro Preto;2019;Dona Deise;Itaúba;328;Dai 328;V;1;212;0;2;0;9;2;Sim;Não;Sim;Não;O castanhal não foi coletado nos últimos três anos.
Ouro Preto;2019;Dona Deise;Itaúba;329;Dai 329;V;1;331;0;1;3;8;3;Sim;Não;Sim;Não;O castanhal não foi coletado nos últimos três anos.
Ouro Preto;2019;Dona Deise;Itaúba;330;Dai 330;V;2;318,2;0;3;4;7;2;Sim;Não;Sim;Não;O castanhal não foi coletado nos últimos três anos.
Ouro Preto;2019;Dona Deise;Itaúba;331;Dai 331;V;1;450;0;3;8;11;1;Sim;Não;Sim;Não;O castanhal não foi coletado nos últimos três anos.
Ouro Preto;2019;Dona Deise;Itaúba;332;Dai 332;V;1;175;0;1;0;0;1;Sim;Não;Sim;Não;O castanhal não foi coletado nos últimos três anos.
Ouro Preto;2019;Dona Deise;Capoeira;333;Dai 333;V;2;216;0;1;0;0;1;Sim;Sim;Não;Não;Mapeadas no dia 02/10/2019
Ouro Preto;2019;Dona Deise;Capoeira;334;Dai 334;V;2;368;0;1;4;0;1;Sim;Sim;Sim;Não;Mapeadas no dia 02/10/2020
Ouro Preto;2019;Dona Deise;Capoeira;335;Dai 335;V;2;296;2;2;3;0;1;Sim;Não;Não;Não;Mapeadas no dia 02/10/2021
Ouro Preto;2019;Dona Deise;Capoeira;336;Dai 336;V;2;116,3;0;1;0;0;1;Não;Não;Não;Não;Mapeadas no dia 02/10/2022
Rio Cautário;2019;Idalino;Loro;1;Lor 01;V;3;300;2;1;2;0;1;Sim;Sim;Não;Não;
Rio Cautário;2019;Idalino;Loro;2;Lor02;V;3;260;2;1;0;1;1;Sim;Sim;Não;Não;
Rio Cautário;2019;Idalino;Loro;3;Lor03;V;3;463;4;1;0;0;1;Sim;Sim;Não;Não;
Rio Cautário;2019;Idalino;Loro;4;Lor04;V;3;430;8;1;0;0;1;Sim;Sim;Não;Não;
Rio Cautário;2019;Idalino;Loro;5;Lor05;V;3;350;1;1;1;0;1;Sim;Sim;Não;Não;
Rio Cautário;2019;Idalino;Loro;6;Lor06;V;3;340;12;1;0;1;1;Sim;Sim;Não;Não;
Rio Cautário;2019;Idalino;Loro;7;Lor07;V;3;350;8;1;1;0;1;Sim;Sim;Não;Não;
Rio Cautário;2019;Idalino;Loro;8;Lor08;V;3;340;5;1;0;0;1;Sim;Sim;Não;Não;
Rio Cautário;2019;Idalino;Loro;9;Lor09;V;3;420;14;1;1;0;1;Sim;Sim;Não;Não;
Rio Cautário;2019;Idalino;Loro;10;Lor10;V;3;450;3;1;1;0;1;Sim;Sim;Não;Não;
Rio Cautário;2019;Idalino;Loro;11;Lor11;V;3;448;4;1;0;0;1;Sim;Sim;Não;Não;
Rio Cautário;2019;Idalino;Loro;12;Lor12;V;3;440;3;1;1;0;1;Sim;Sim;Não;Não;
Rio Cautário;2019;Idalino;Loro;13;Lor13;V;3;335;2;1;0;0;1;Sim;Sim;Não;Não;
Rio Cautário;2019;Idalino;Loro;14;Lor14;V;3;394;3;1;1;0;1;Sim;Sim;Não;Não;
Rio Cautário;2019;Idalino;Loro;15;Lor15;V;3;220;4;1;0;0;1;Sim;Sim;Não;Não;
Rio Cautário;2019;Idalino;Loro;16;Lor16;V;3;245;3;1;0;0;1;Sim;Sim;Não;Não;
Rio Cautário;2019;Idalino;Loro;17;Lor17;V;2;221;1;1;0;0;1;Sim;Sim;Não;Não;
Rio Cautário;2019;Idalino;Loro;18;Lor18;V;3;337;1;1;0;0;1;Sim;Sim;Não;Não;
Rio Cautário;2019;Idalino;Loro;19;Lor19;V;3;230;0,5;1;0;0;1;Sim;Sim;Não;Não;
Rio Cautário;2019;Idalino;Loro;20;Lor20;V;3;330;5;1;0;0;1;Sim;Sim;Não;Não;
Rio Cautário;2019;Idalino;Loro;21;Lor21;V;3;400;2;1;1;0;1;Sim;Sim;Não;Não;
Rio Cautário;2019;Idalino;Loro;22;Lor22;V;3;320;2;1;0;0;1;Sim;Sim;Não;Não;
Rio Cautário;2019;Idalino;Loro;23;Lor23;V;3;240;3;1;1;0;1;Sim;Sim;Não;Não;
Rio Cautário;2019;Idalino;Loro;24;Lor24;V;3;350;2;1;1;0;1;Sim;Sim;Não;Não;
Rio Cautário;2019;Idalino;Loro;25;Lor25;V;3;355;4;1;0;0;1;Sim;Sim;Não;Não;
Rio Cautário;2019;Idalino;Loro;26;Lor26;V;3;390;1;1;1;0;1;Sim;Sim;Não;Não;
Rio Cautário;2019;Idalino;Loro;27;Lor27;V;3;334;4;1;1;0;1;Sim;Sim;Não;Não;
Rio Cautário;2019;Idalino;Loro;28;Lor28;V;3;334;3;1;2;0;1;Sim;Sim;Não;Não;
Rio Cautário;2019;Idalino;Loro;29;Lor29;V;3;288;4;1;0;0;1;Sim;Sim;Não;Não;
Rio Cautário;2019;Idalino;Loro;30;Lor30;V;3;305;1;1;2;0;1;Sim;Sim;Não;Não;Tem largata
Rio Cautário;2019;Idalino;Loro;31;Lor31;V;3;300;1;1;1;0;1;Sim;Sim;Não;Não;
Rio Cautário;2019;Idalino;Loro;32;Lor32;V;3;286;0;1;1;0;1;Sim;Sim;Não;Não;
Rio Cautário;2019;Idalino;Loro;33;Lor33;V;3;355;5;1;0;0;1;Sim;Sim;Não;Não;
Rio Cautário;2019;Idalino;Loro;34;Lor34;V;3;388;3;1;1;0;1;Sim;Sim;Não;Não;
Rio Cautário;2019;Idalino;Loro;35;Lor35;V;3;223;1;1;1;0;1;Sim;Sim;Não;Não;
Rio Cautário;2019;Idalino;Loro;36;Lor36;V;3;89;1;1;0;0;1;Sim;Sim;Não;Não;
Rio Cautário;2019;Idalino;Loro;37;Lor37;V;3;360;2;2;0;0;1;Sim;Sim;Não;Não;
Rio Cautário;2019;Idalino;Loro;38;Lor38;V;3;220;2;1;2;1;1;Sim;Sim;Não;Não;
Rio Cautário;2019;Idalino;Loro;39;Lor39;V;3;232;2;1;0;0;1;Sim;Sim;Não;Não;
Rio Cautário;2019;Idalino;Loro;40;Lor40;V;3;355;6;1;0;0;1;Sim;Sim;Não;Não;
Rio Cautário;2019;Idalino;Loro;41;Lor41;V;3;345;2;1;2;0;1;Sim;Não;Não;Não;
Rio Cautário;2019;Idalino;Loro;42;Lor42;V;3;260;3;1;0;1;1;Sim;Não;Não;Não;
Rio Cautário;2019;Idalino;Loro;43;Lor43;V;3;77;1;1;1;0;1;Sim;Não;Não;Não;
Rio Cautário;2019;Idalino;Loro;44;Lor44;V;3;364;6;1;0;0;1;Sim;Não;Não;Não;
Rio Cautário;2019;Idalino;Loro;45;Lor45;V;3;250;0,5;1;1;0;1;Sim;Não;Não;Não;
Rio Cautário;2019;Idalino;Loro;46;Lor46;V;3;393;0;1;1;0;1;Sim;Não;Não;Não;
Rio Cautário;2019;Idalino;Loro;47;Lor47;V;3;344;2;1;0;0;1;Sim;Não;Não;Não;
Rio Cautário;2019;Idalino;Loro;48;Lor48;V;3;266;3;1;0;0;1;Sim;Não;Não;Não;
Rio Cautário;2019;Idalino;Loro;49;Lor49;V;3;255;3;1;0;1;1;Sim;Não;Não;Não;
Rio Cautário;2019;Idalino;Loro;50;Lor50;V;3;264;4;1;0;0;1;Sim;Não;Não;Não;
Rio Cautário;2019;Idalino;Loro;51;Lor51;V;3;358;1;2;0;3;1;Sim;Não;Não;Não;
Rio Cautário;2019;Idalino;Loro;52;Lor52;V;3;350;2;1;0;0;1;Sim;Não;Não;Não;
Rio Cautário;2019;Idalino;Loro;53;Lor53;V;2;334;4;1;0;1;1;Sim;Não;Não;Não;
Rio Cautário;2019;Idalino;Loro;54;Lor54;V;3;220;2;1;1;0;1;Sim;Não;Não;Não;
Rio Cautário;2019;Idalino;Loro;55;Lor55;V;3;260;2;1;1;0;1;Sim;Não;Não;Não;
Rio Cautário;2019;Idalino;Loro;56;Lor56;V;3;250;1;2;3;0;1;Sim;Não;Não;Não;
Rio Cautário;2019;Idalino;Loro;57;Lor57;V;3;265;1;2;1;1;1;Sim;Não;Não;Não;
Rio Cautário;2019;Idalino;Loro;58;Lor58;V;3;488;5;1;1;1;1;Sim;Não;Não;Não;
Rio Cautário;2019;Idalino;Loro;59;Lor59;V;3;290;2;2;1;0;1;Sim;Não;Não;Não;
Rio Cautário;2019;Idalino;Loro;60;Lor60;V;2;217;2;1;0;0;1;Sim;Não;Não;Não;
Rio Cautário;2019;Idalino;Loro;61;Lor61;V;3;238;1;1;0;0;1;Sim;Não;Não;Não;
Rio Cautário;2019;Idalino;Loro;62;Lor62;V;3;240;1;1;0;0;1;Sim;Não;Não;Não;
Rio Cautário;2019;Idalino;Loro;63;Lor63;V;3;210;2;1;1;0;1;Sim;Não;Não;Não;
Cazumba;2017;;Coletivo;1;1;V;;570;;1;1;1;3;SIM ;SIM ;;;
Cazumba;2017;;Coletivo;2;2;V;;475;;2;1;1;3;SIM;SIM;;;
Cazumba;2017;;Coletivo;3;3;V;;447;;1;1;1;2;SIM;SIM;;;
Cazumba;2017;;Coletivo;4;4;V;;337;;1;2;1;2;SIM;SIM;;;
Cazumba;2017;;Coletivo;5;5;V;;312;;1;1;1;2;SIM;SIM;;;
Cazumba;2017;;Coletivo;6;6;V;;334;;1;1;1;2;SIM;SIM;;;
Cazumba;2017;;Coletivo;7;7;V;;508;;1;1;1;3;SIM;SIM;;;Medida tomada à 2,30m
Cazumba;2017;;Coletivo;8;8;V;;422;;2;3;1;2;SIM;SIM;;;
Cazumba;2017;;Coletivo;9;9;V;;326;;2;1;2;4;SIM;SIM;;;
Cazumba;2017;;Coletivo;10;10;V;;491;;2;2;2;1;SIM;SIM;;;
Cazumba;2017;;Coletivo;11;11;V;;157;;1;1;2;1;SIM;SIM;;;
Cazumba;2017;;Coletivo;12;12;V;;475;;2;1;2;1;SIM;SIM;;;
Cazumba;2017;;Coletivo;13;13;V;;454;;1;2;1;2;SIM;SIM;;;
Cazumba;2017;;Coletivo;14;14;V;;353;;1;1;2;2;SIM;SIM;;;
Cazumba;2017;;Coletivo;15;15;V;;481;;2;1;2;1;SIM;SIM;;;
Cazumba;2017;;Coletivo;16;16;V;;337;;1;1;1;1;SIM;SIM;;;
Cazumba;2017;;Coletivo;17;17;V;;427;;3;1;1;2;SIM;SIM;;;
Cazumba;2017;;Coletivo;18;18;V;;345;;1;1;1;2;SIM;SIM;;;
Cazumba;2017;;Coletivo;19;19;V;;310;;2;2;1;5;SIM;SIM;;;
Cazumba;2017;;Coletivo;20;20;V;;410;;1;1;1;1;SIM;SIM;;;
Cazumba;2017;;Coletivo;21;21;V;;433;;1;2;1;1;SIM;SIM;;;
Cazumba;2017;;Coletivo;22;22;V;;533;;2;2;1;3;SIM;SIM;;;Presença de um Apuí (hemiepífita)
Cazumba;2017;;Coletivo;23;23;V;;366;;2;2;1;3;SIM;SIM;;;
Cazumba;2017;;Coletivo;24;24;V;;326;;1;1;2;1;SIM;SIM;;;
Cazumba;2017;;Coletivo;25;25;V;;316;;1;2;1;1;SIM;SIM;;;
Cazumba;2017;;Coletivo;26;26;V;;449;;1;3;1;2;SIM;SIM;;;
Cazumba;2017;;Coletivo;27;27;V;;547;;1;1;1;2;SIM;SIM;;;
Cazumba;2017;;Coletivo;28;28;V;;50;;2;1;1;2;NÃO;NÃO;;;
Cazumba;2017;;Coletivo;29;29;V;;356;;1;2;1;2;SIM;SIM;;;Presença de um Apuí (hemiepífita)
Cazumba;2017;;Coletivo;30;30;V;;482;;1;2;1;2;SIM;SIM;;;
Cazumba;2017;;Coletivo;31;31;V;;258;;1;1;1;3;SIM;SIM;;;
Cazumba;2017;;Coletivo;32;32;V;;39;;3;1;1;4;NÃO;NÃO;;;
Cazumba;2017;;Coletivo;33;33;V;;328;;1;1;1;1;SIM;SIM;;;
Cazumba;2017;;Coletivo;34;34;V;;46;;1;1;1;4;NÃO;NÃO;;;
Cazumba;2017;;Coletivo;35;35;V;;395;;1;1;1;1;SIM;SIM;;;
Cazumba;2017;;Coletivo;36;36;V;;484;;1;2;1;2;SIM;SIM;;;
Cazumba;2017;;Coletivo;37;37;V;;323;;1;1;1;1;SIM;SIM;;;
Cazumba;2017;;Coletivo;38;38;V;;281;;1;1;2;2;SIM;SIM;;;
Cazumba;2017;;Coletivo;39;39;V;;291;;2;1;1;2;SIM;SIM;;;
Cazumba;2017;;Coletivo;40;40;V;;366;;1;1;1;2;SIM;SIM;;;
Cazumba;2017;;Coletivo;41;41;V;;345;;1;1;1;2;SIM;SIM;;;
Cazumba;2017;;Coletivo;42;42;V;;462;;1;1;1;2;SIM;SIM;;;
Cazumba;2017;;Coletivo;43;43;V;;442;;2;1;1;2;SIM;SIM;;;
Cazumba;2017;;Coletivo;44;44;V;;500;;1;2;1;3;SIM;SIM;;;
Cazumba;2017;;Coletivo;45;45;V;;463;;1;2;1;1;SIM;SIM;;;
Cazumba;2017;;Coletivo;46;46;V;;329;;1;2;1;2;SIM;SIM;;;
Cazumba;2017;;Coletivo;47;47;V;;307;;2;1;1;2;SIM;SIM;;;
Cazumba;2017;;Coletivo;48;48;V;;77;;3;1;1;2;NÃO;NÃO;;;
Cazumba;2017;;Coletivo;49;49;V;;347;;1;2;1;1;SIM;SIM;;;
Cazumba;2017;;Coletivo;50;50;;;;;;;;;;;;;PLAQUINHA PERDIDA
Cazumba;2017;;Coletivo;51;51;V;;185;;1;2;1;2;SIM;SIM;;;
Cazumba;2017;;Coletivo;52;52;V;;303;;2;1;2;2;SIM;SIM;;;
Cazumba;2017;;Coletivo;53;53;V;;367;;2;2;1;1;SIM;SIM;;;
Cazumba;2017;;Coletivo;54;54;V;;448;;1;1;2;2;SIM;SIM;;;
Cazumba;2017;;Coletivo;55;55;V;;265;;1;1;2;2;SIM;SIM;;;
Cazumba;2017;;Coletivo;56;56;V;;346;;1;1;1;2;SIM;SIM;;;
Cazumba;2017;;Coletivo;57;57;V;;290;;1;2;1;2;SIM;SIM;;;
Cazumba;2017;;Coletivo;58;58;V;;341;;2;2;1;2;SIM;SIM;;;
Cazumba;2017;;Coletivo;59;59;V;;285;;3;2;1;2;SIM;SIM;;;
Cazumba;2017;;Coletivo;60;60;V;;420;;2;2;2;2;SIM;SIM;;;
Cazumba;2017;;Coletivo;61;61;V;;446;;1;1;1;2;SIM;SIM;;;
Cazumba;2017;;Coletivo;62;62;V;;542;;1;2;2;1;SIM;SIM;;;
Cazumba;2017;;Coletivo;63;63;V;;374;;1;2;3;2;SIM;SIM;;;
Cazumba;2017;;Coletivo;64;64;V;;300;;3;1;1;3;SIM;SIM;;;
Cazumba;2017;;Coletivo;65;65;V;;373;;1;2;2;1;SIM;SIM;;;
Cazumba;2017;;Coletivo;66;66;V;;443;;2;1;3;3;SIM;SIM;;;
Cazumba;2017;;Coletivo;67;67;V;;500;;1;1;2;1;SIM;SIM;;;
Cazumba;2017;;Coletivo;68;68;V;;481;;1;2;1;1;SIM;SIM;;;
Cazumba;2017;;Coletivo;69;69;V;;297;;1;1;1;3;SIM;SIM;;;
Cazumba;2017;;Coletivo;70;70;V;;218;;1;3;1;1;SIM;SIM;;;
Cazumba;2017;;Coletivo;71;71;V;;83;;2;1;1;3;NÃO;NÃO;;;
Cazumba;2017;;Coletivo;72;72;V;;359;;2;2;2;1;SIM;SIM;;;
Cazumba;2017;;Coletivo;73;73;V;;375;;2;1;1;1;SIM;SIM;;;
Cazumba;2017;;Coletivo;74;74;V;;365;;1;2;1;1;SIM;SIM;;;
Cazumba;2017;;Coletivo;75;75;V;;350;;1;1;1;2;SIM;SIM;;;
Cazumba;2017;;Coletivo;76;76;V;;187;;1;1;1;1;SIM;SIM;;;
Cazumba;2017;;Coletivo;77;77;V;;255;;1;1;3;1;SIM;SIM;;;Morta: tronco 5,0m (Ponto:MortaQuebre) não marcada
Cazumba;2017;;Coletivo;78;78;V;;324;;1;1;1;2;SIM;SIM;;;
Cazumba;2017;;Coletivo;79;79;V;;506;;3;2;1;4;SIM;SIM;;;Presença de um Apuí (hemiepífita)
Cazumba;2017;;Coletivo;80;80;V;;605;;2;3;1;2;SIM;SIM;;;
Cazumba;2017;;Coletivo;81;81;V;;375;;1;1;1;2;SIM;SIM;;;
Cazumba;2017;;Coletivo;82;82;V;;446;;1;1;1;2;SIM;SIM;;;
Cazumba;2017;;Coletivo;83;83;V;;430;;2;1;1;2;SIM;SIM;;; 
Cazumba;2017;;Coletivo;84;84;V;;133;;1;3;2;2;NÃO;NÃO;;;
Cazumba;2017;;Coletivo;85;85;V;;408;;1;3;2;1;SIM;SIM;;;
Cazumba;2017;;Coletivo;86;86;V;;409;;2;2;1;1;SIM;SIM;;;
Cazumba;2017;;Coletivo;87;87;V;;300;;3;1;1;4;SIM;NÃO;;;
Cazumba;2017;;Coletivo;88;88;V;;392;;1;1;1;1;SIM;SIM;;;
Cazumba;2017;;Coletivo;89;89;V;;514;;1;2;3;1;SIM;SIM;;;
Cazumba;2017;;Coletivo;90;90;V;;404;;2;3;3;1;SIM;SIM;;;
Cazumba;2017;;Coletivo;91;91;V;;536;;1;1;2;1;SIM;SIM;;;
Cazumba;2017;;Coletivo;92;92;V;;304;;1;1;2;1;SIM;SIM;;;
Cazumba;2017;;Coletivo;93;93;V;;358;;1;1;1;1;SIM;SIM;;;
Cazumba;2017;;Coletivo;94;94;V;;56;;1;1;1;2;NÃO;NÃO;;;
Cazumba;2017;;Coletivo;95;95;V;;403;;1;1;1;2;SIM;SIM;;;
Cazumba;2017;;Coletivo;96;96;V;;376;;2;1;1;3;SIM;SIM;;;
Cazumba;2017;;Coletivo;97;97;V;;376;;1;1;1;2;SIM;SIM;;;
Cazumba;2017;;Coletivo;98;98;V;;486;;2;1;1;1;SIM;SIM;;;
Cazumba;2017;;Coletivo;99;99;V;;350;;3;1;2;3;SIM;SIM;;;
Cazumba;2017;;Coletivo;100;100;V;;585;;1;2;1;2;SIM;SIM;;;
Cazumba;2017;;Coletivo;101;101;V;;518;;1;1;1;2;SIM;SIM;;;
Cazumba;2017;;Coletivo;102;102;V;;368;;2;1;1;3;SIM;SIM;;;
Cazumba;2017;;Coletivo;103;103;V;;537;;2;1;1;4;SIM;SIM;;;
Cazumba;2017;;Coletivo;104;104;V;;393;;1;1;1;1;SIM;SIM;;;
Cazumba;2017;;Coletivo;105;105;V;;326;;2;2;2;1;SIM;SIM;;;
Cazumba;2017;;Coletivo;106;106;V;;387;;2;2;2;2;SIM;SIM;;;
Cazumba;2017;;Coletivo;107;107;V;;319;;2;1;2;2;SIM;SIM;;;
Cazumba;2017;;Coletivo;108;108;V;;392;;1;1;2;2;SIM;SIM;;;Presença de um Apuí (hemiepífita)
Cazumba;2017;;Coletivo;109;109;V;;240;;2;1;1;4;SIM;SIM;;;
Cazumba;2017;;Coletivo;110;110;V;;340;;1;1;1;1;SIM;SIM;;;
Cazumba;2017;;Coletivo;111;111;V;;335;;1;1;2;2;SIM;SIM;;;
Cazumba;2017;;Coletivo;112;112;V;;243;;1;1;1;3;SIM;SIM;;;
Cazumba;2017;;Coletivo;113;113;V;;425;;1;1;1;1;SIM;SIM;;;
Cazumba;2017;;Coletivo;114;114;V;;443;;2;1;1;1;SIM;SIM;;;
Cazumba;2017;;Coletivo;115;115;V;;530;;1;1;2;1;SIM;SIM;;;
Cazumba;2017;;Coletivo;116;116;V;;380;;1;2;1;2;SIM;SIM;;;
Cazumba;2017;;Coletivo;117;117;V;;304;;1;2;1;1;SIM;SIM;;;
Cazumba;2017;;Coletivo;118;118;V;;459;;2;2;1;2;SIM;SIM;;;
Cazumba;2017;;Coletivo;119;119;V;;255;;1;1;1;3;SIM;SIM;;;
Cazumba;2017;;Coletivo;120;120;V;;343;;2;1;2;2;SIM;SIM;;;
Cazumba;2017;;Coletivo;121;121;V;;210;;1;1;3;1;SIM;SIM;;;
Cazumba;2017;;Coletivo;122;122;V;;446;;1;2;1;1;SIM;SIM;;;
Cazumba;2017;;Coletivo;123;123;V;;586;;1;2;2;4;SIM;NÃO;;;
Cazumba;2017;;Coletivo;124;124;V;;293;;3;1;2;2;SIM;SIM;;;
Cazumba;2017;;Coletivo;125;125;V;;205;;1;1;1;1;SIM;SIM;;;
Cazumba;2017;;Coletivo;126;126;V;;269;;2;1;1;2;SIM;SIM;;;
Cazumba;2017;;Coletivo;127;127;V;;397;;1;2;2;3;SIM;SIM;;;
Cazumba;2017;;Coletivo;128;128;V;;246;;2;2;1;2;SIM;SIM;;;
Cazumba;2017;;Coletivo;129;129;V;;288;;1;1;2;1;SIM;SIM;;;
Cazumba;2017;;Coletivo;130;130;V;;265;;1;1;1;1;SIM;SIM;;;
Cazumba;2017;;Coletivo;131;131;V;;107;;1;1;1;1;NÃO;NÃO;;;
Cazumba;2017;;Coletivo;132;132;V;;348;;3;2;1;4;SIM;SIM;;;100% dominada por cipó
Cazumba;2017;;Coletivo;133;133;V;;121;;2;1;1;2;NÃO;NÃO;;;
Cazumba;2017;;Coletivo;134;134;V;;307;;1;1;1;1;SIM;SIM;;;
Cazumba;2017;;Coletivo;135;135;V;;41;;2;1;1;2;NÃO;NÃO;;;
Cazumba;2017;;Coletivo;136;136;V;;310;;1;2;1;2;SIM;SIM;;;
Cazumba;2017;;Coletivo;137;137;V;;353;;1;2;2;1;SIM;SIM;;;
Cazumba;2017;;Coletivo;138;138;V;;363;;2;1;1;3;SIM;SIM;;;Presença de um Apuí (hemiepífita)
Cazumba;2017;;Coletivo;139;139;V;;370;;1;1;2;1;SIM;SIM;;;
Cazumba;2017;;Coletivo;140;140;V;;58;;1;1;1;1;NÃO;NÃO;;;
Cazumba;2017;;Coletivo;141;141;V;;239;;1;1;2;2;SIM;SIM;;; 
Cazumba;2017;;Coletivo;142;142;V;;185;;1;1;2;1;SIM;SIM;;;
Cazumba;2017;;Coletivo;143;143;V;;364;;2;2;1;1;SIM;SIM;;;
Cazumba;2017;;Coletivo;144;144;V;;340;;1;1;1;1;SIM;SIM;;;
Cazumba;2017;;Coletivo;145;145;V;;198;;1;1;1;1;SIM;SIM;;;
Cazumba;2017;;Coletivo;146;146;V;;206;;1;1;1;1;SIM;SIM;;;
Cazumba;2017;;Coletivo;147;147;V;;213;;1;1;1;1;SIM;SIM;;;
Cazumba;2017;;Coletivo;148;148;V;;398;;1;1;1;1;SIM;SIM;;;
Cazumba;2017;;Coletivo;149;149;V;;468;;2;1;2;2;SIM;SIM;;;
Cazumba;2017;;Coletivo;150;150;V;;183;;1;1;1;2;SIM;SIM;;;
Cazumba;2017;;Coletivo;151;151;V;;353;;2;1;1;3;SIM;SIM;;;
Cazumba;2017;;Coletivo;152;152;V;;56;;1;1;1;1;NÃO;NÃO;;;
Cazumba;2017;;Coletivo;153;153;V;;370;;1;2;2;1;SIM;SIM;;;
Cazumba;2017;;Coletivo;154;154;V;;283;;2;2;1;2;SIM;SIM;;;
Cazumba;2017;;Coletivo;155;155;V;;88;;1;1;1;1;NÃO;NÃO;;;
Cazumba;2017;;Coletivo;156;156;V;;354;;1;2;3;1;SIM;SIM;;;
Cazumba;2017;;Coletivo;157;157;V;;570;;1;2;1;1;SIM;SIM;;;
Cazumba;2017;;Coletivo;158;158;V;;458;;2;2;1;1;SIM;SIM;;;
Cazumba;2017;;Coletivo;159;159;V;;490;;1;1;2;1;SIM;SIM;;;Presença de um Apuí (hemiepífita)
Cazumba;2017;;Coletivo;160;160;V;;302;;2;2;1;1;SIM;SIM;;;
Cazumba;2017;;Coletivo;161;161;V;;293;;2;1;1;3;SIM;SIM;;;
Cazumba;2017;;Coletivo;162;162;V;;375;;2;2;1;3;SIM;SIM;;;Presença de um Apuí (hemiepífita)
Cazumba;2017;;Coletivo;163;163;V;;371;;2;2;3;1;SIM;SIM;;;
Cazumba;2017;;Coletivo;164;164;V;;348;;1;2;2;1;SIM;SIM;;;
Cazumba;2017;;Coletivo;165;165;V;;319;;3;3;1;1;SIM;SIM;;;Presença de um Apuí (hemiepífita)
Cazumba;2017;;Coletivo;166;166;V;;400;;2;1;1;1;SIM;SIM;;;
Cazumba;2017;;Coletivo;167;167;V;;283;;1;1;1;1;SIM;SIM;;;
Cazumba;2017;;Coletivo;168;168;V;;384;;1;2;1;1;SIM;SIM;;;
Cazumba;2017;;Coletivo;169;169;V;;416;;1;2;1;1;SIM;SIM;;;
Cazumba;2017;;Coletivo;170;170;V;;321;;1;2;2;2;SIM;SIM;;;
Cazumba;2017;;Coletivo;171;171;V;;460;;1;2;2;1;SIM;SIM;;;
Cazumba;2017;;Coletivo;172;172;V;;343;;1;1;1;1;SIM;SIM;;;
Cazumba;2017;;Coletivo;173;173;V;;333;;1;1;1;1;SIM;SIM;;;
Cazumba;2017;;Coletivo;174;174;V;;333;;3;2;1;3;SIM;NÃO;;;
Cazumba;2017;;Coletivo;175;175;V;;640;;3;3;1;2;SIM;SIM;;;
Cazumba;2017;;Coletivo;176;176;V;;355;;3;1;1;3;SIM;SIM;;;
Cazumba;2017;;Coletivo;177;177;V;;266;;1;2;1;1;SIM;SIM;;;
Cazumba;2017;;Coletivo;178;178;V;;313;;2;1;1;1;SIM;SIM;;;
Cazumba;2017;;Coletivo;179;179;V;;387;;2;2;1;2;SIM;SIM;;;
Cazumba;2017;;Coletivo;180;180;V;;442;;1;1;1;1;SIM;SIM;;;
Cazumba;2017;;Coletivo;181;181;V;;495;;1;1;3;2;SIM;SIM;;;
Cazumba;2017;;Coletivo;182;182;V;;495;;2;2;1;2;SIM;SIM;;;Presença de um Apuí (hemiepífita)
Cazumba;2017;;Coletivo;183;183;V;;228;;2;1;1;1;SIM;SIM;;;
Cazumba;2017;;Coletivo;184;184;V;;328;;3;2;1;2;SIM;SIM;;;
Cazumba;2017;;Coletivo;185;185;V;;580;;1;2;2;1;SIM;SIM;;;
Cazumba;2017;;Coletivo;186;186;V;;508;;1;1;1;1;SIM;SIM;;;
Cazumba;2017;;Coletivo;187;187;V;;600;;1;2;2;4;SIM;SIM;;;
Cazumba;2017;;Coletivo;188;188;V;;191;;1;1;3;1;SIM;SIM;;;
Cazumba;2017;;Coletivo;189;189;V;;369;;3;2;1;2;SIM;SIM;;;
Cazumba;2017;;Coletivo;190;190;V;;348;;1;1;2;1;SIM;SIM;;;
Cazumba;2017;;Coletivo;191;191;V;;335;;2;2;1;2;SIM;SIM;;;
Cazumba;2017;;Coletivo;192;192;V;;459;;1;2;1;1;SIM;SIM;;;
Cazumba;2017;;Coletivo;193;193;V;;273;;1;1;1;2;SIM;SIM;;;
Cazumba;2017;;Coletivo;194;194;V;;222;;2;1;2;2;SIM;SIM;;;
Cazumba;2017;;Coletivo;195;195;V;;149;;1;1;3;1;SIM;SIM;;;
Cazumba;2017;;Coletivo;196;196;V;;365;;2;2;2;1;SIM;SIM;;;
Cazumba;2017;;Coletivo;197;197;V;;365;;1;1;1;1;SIM;SIM;;;
Cazumba;2017;;Coletivo;198;198;V;;280;;2;1;3;2;SIM;SIM;;;
Cazumba;2017;;Coletivo;199;199;V;;538;;1;1;3;1;SIM;SIM;;;
Cazumba;2017;;Coletivo;200;200;V;;163;;2;1;1;1;SIM;SIM;;;
Cazumba;2017;;Coletivo;201;201;V;;339;;1;1;1;1;SIM;SIM;;;
Cazumba;2017;;Coletivo;202;202;V;;225;;1;1;2;1;SIM;SIM;;;
Cazumba;2017;;Coletivo;203;203;V;;238;;1;1;1;1;SIM;SIM;;;
Cazumba;2017;;Coletivo;204;204;V;;352;;2;3;1;3;SIM;SIM;;;
Cazumba;2017;;Coletivo;205;205;V;;245;;1;2;2;1;SIM;SIM;;;
Cazumba;2017;;Coletivo;206;206;V;;334;;2;3;2;2;SIM;SIM;;;
Cazumba;2017;;Coletivo;207;207;V;;127;;1;2;1;2;NÃO;NÃO;;;
Cazumba;2017;;Coletivo;208;208;V;;77;;2;1;1;2;NÃO;NÃO;;;
Cazumba;2017;;Coletivo;209;209;V;;130;;1;2;1;4;NÃO;NÃO;;;
Cazumba;2017;;Coletivo;210;210;V;;314;;1;1;2;1;SIM;SIM;;;
Cazumba;2017;;Coletivo;211;211;V;;440;;2;2;2;2;SIM;SIM;;;
Cazumba;2017;;Coletivo;212;212;V;;278;;1;1;1;2;SIM;SIM;;;
Cazumba;2017;;Coletivo;213;213;V;;291;;1;1;1;1;SIM;SIM;;;
Cazumba;2017;;Coletivo;214;214;V;;67;;3;2;1;3;NÃO;NÃO;;;
Cazumba;2017;;Mariazinha;215;215;V;;450;;1;2;1;1;SIM;SIM;;;
Cazumba;2017;;Mariazinha;216;216;V;;447;;2;1;1;1;SIM;SIM;;;
Cazumba;2017;;Mariazinha;217;217;V;;257;;1;1;1;1;SIM;SIM;;;
Cazumba;2017;;Mariazinha;218;218;V;;521;;1;2;2;1;SIM;SIM;;;
Cazumba;2017;;Mariazinha;219;219;V;;404;;1;3;3;2;SIM;SIM;;;
Cazumba;2017;;Mariazinha;220;220;V;;289;;1;1;2;2;SIM;SIM;;;
Cazumba;2017;;Mariazinha;221;221;V;;510;;1;1;1;2;SIM;SIM;;;
Cazumba;2017;;Mariazinha;222;222;V;;459;;2;2;1;2;SIM;SIM;;;
Cazumba;2017;;Mariazinha;223;223;V;;337;;2;1;1;2;SIM;SIM;;;
Cazumba;2017;;Mariazinha;224;224;V;;420;;1;2;2;1;SIM;SIM;;;
Cazumba;2017;;Mariazinha;225;225;V;;534;;2;1;1;1;SIM;SIM;;;
Cazumba;2017;;Mariazinha;226;226;V;;457;;1;2;1;1;SIM;SIM;;;
Cazumba;2017;;Mariazinha;227;227;V;;330;;1;1;3;1;SIM;SIM;;;
Cazumba;2017;;Mariazinha;228;228;V;;252;;1;2;1;1;SIM;SIM;;;
Cazumba;2017;;Mariazinha;229;229;V;;425;;1;1;1;1;SIM;SIM;;;
Cazumba;2017;;Mariazinha;230;230;V;;353;;1;1;2;3;SIM;SIM;;;
Cazumba;2017;;Mariazinha;231;231;V;;400;;1;3;3;1;SIM;SIM;;;"Com muitas abelhas; medida de CAP estimada"
Cazumba;2017;;Mariazinha;232;232;V;;562;;1;2;1;5;SIM;SIM;;;Placa 232 teve sua medida feita à 1,60m do solo
Cazumba;2017;;Mariazinha;233;233;V;;418;;1;2;1;1;SIM;SIM;;;
Cazumba;2017;;Mariazinha;234;234;V;;200;;1;1;2;1;SIM;SIM;;;
Cazumba;2017;;Mariazinha;235;235;V;;550;;1;1;3;1;SIM;SIM;;;
Cazumba;2017;;Mariazinha;236;236;V;;380;;2;1;1;2;SIM;SIM;;;
Cazumba;2017;;Mariazinha;237;237;V;;427;;1;1;1;1;SIM;SIM;;;
Cazumba;2017;;Mariazinha;238;238;V;;270;;1;2;1;1;SIM;SIM;;;
Cazumba;2017;;Mariazinha;239;239;V;;505;;1;1;1;2;SIM;SIM;;;
Cazumba;2017;;Mariazinha;240;240;V;;422;;1;1;1;1;SIM;SIM;;;
Cazumba;2017;;Mariazinha;241;241;V;;210;;1;1;2;2;SIM;SIM;;;
Cazumba;2017;;Mariazinha;242;242;V;;415;;1;1;1;1;SIM;SIM;;;
Cazumba;2017;;Mariazinha;243;243;V;;373;;1;1;1;3;SIM;SIM;;;
Cazumba;2017;;Mariazinha;244;244;V;;492;;1;1;1;2;SIM;SIM;;;
Cazumba;2017;;Mariazinha;245;245;V;;466;;1;1;1;1;SIM;SIM;;;
Cazumba;2017;;Mariazinha;246;246;V;;548;;2;3;1;3;SIM;SIM;;;
Cazumba;2017;;Mariazinha;247;247;V;;407;;1;1;1;2;SIM;SIM;;;
Cazumba;2017;;Mariazinha;248;248;V;;450;;1;1;3;3;SIM;SIM;;;
Cazumba;2017;;Mariazinha;249;249;V;;462;;1;2;1;2;SIM;SIM;;;
Cazumba;2017;;Mariazinha;250;250;V;;312;;2;1;1;1;SIM;SIM;;;
Cazumba;2017;;Mariazinha;251;251;V;;548;;2;1;1;1;SIM;SIM;;;
Cazumba;2017;;Mariazinha;252;252;V;;519;;2;1;3;2;SIM;SIM;;;Placa 252 teve sua medida feita à 1,80m do solo
Cazumba;2017;;Mariazinha;253;253;V;;255;;2;1;1;1;SIM;SIM;;;
Cazumba;2017;;Mariazinha;254;254;V;;288;;1;2;2;2;SIM;SIM;;;
Cazumba;2017;;Mariazinha;255;255;V;;305;;2;1;1;1;SIM;SIM;;;
Cazumba;2017;;Mariazinha;256;256;V;;410;;1;1;1;1;SIM;SIM;;;
Cazumba;2017;;Mariazinha;257;257;V;;161;;1;1;2;3;SIM;SIM;;;
Cazumba;2017;;Mariazinha;258;258;V;;597;;1;1;2;1;SIM;SIM;;;
Cazumba;2017;;Mariazinha;259;259;V;;375;;1;1;1;2;SIM;SIM;;;
Cazumba;2017;;Mariazinha;260;260;V;;410;;2;2;1;2;SIM;SIM;;;Com abelhas
Cazumba;2017;;Mariazinha;261;261;V;;199;;1;1;1;1;SIM;SIM;;;
Cazumba;2017;;Mariazinha;262;262;V;;162;;1;1;1;1;SIM;SIM;;;
Cazumba;2017;;Mariazinha;263;263;V;;507;;1;2;2;1;SIM;SIM;;;
Cazumba;2017;;Mariazinha;264;264;V;;49;;1;1;1;2;NÃO;NÃO;;;
Cazumba;2017;;Mariazinha;265;265;V;;194;;1;1;1;2;SIM;SIM;;;
Cazumba;2017;;Mariazinha;266;266;V;;342;;1;1;2;1;SIM;SIM;;;
Cazumba;2017;;Mariazinha;267;267;V;;485;;1;2;2;1;SIM;SIM;;;
Cazumba;2017;;Mariazinha;268;268;V;;410;;2;1;1;2;SIM;SIM;;;
Cazumba;2017;;Mariazinha;269;269;V;;330;;1;1;1;2;SIM;SIM;;;
Cazumba;2017;;Mariazinha;270;270;V;;550;;2;1;1;1;SIM;SIM;;;
Cazumba;2017;;Mariazinha;271;271;V;;265;;2;1;1;1;SIM;SIM;;;
Cazumba;2017;;Mariazinha;272;272;V;;297;;1;1;1;2;SIM;SIM;;;
Cazumba;2017;;Mariazinha;273;273;V;;650;;1;1;1;1;SIM;SIM;;;
Cazumba;2017;;Mariazinha;274;274;V;;268;;2;2;2;2;SIM;SIM;;;
Cazumba;2017;;Mariazinha;275;275;V;;455;;1;1;1;3;SIM;SIM;;;
Cazumba;2017;;Mariazinha;276;276;V;;460;;2;1;2;2;SIM;SIM;;;
Cazumba;2017;;Mariazinha;277;277;V;;375;;1;1;1;1;SIM;SIM;;;
Cazumba;2017;;Mariazinha;278;278;V;;260;;2;2;1;2;SIM;SIM;;;
Cazumba;2017;;Mariazinha;279;279;V;;530;;2;1;1;1;SIM;SIM;;;
Cazumba;2017;;Mariazinha;280;280;V;;494;;2;1;3;3;SIM;SIM;;;
Cazumba;2017;;Mariazinha;281;281;V;;439;;1;1;1;1;SIM;SIM;;;
Cazumba;2017;;Davi;282;282;V;;642;;1;2;1;3;SIM;SIM;;;
Cazumba;2017;;Davi;283;283;V;;305;;3;2;1;2;SIM;SIM;;;
Cazumba;2017;;Davi;284;284;V;;354;;1;2;2;1;SIM;SIM;;;
Cazumba;2017;;Davi;285;285;V;;419;;2;2;1;3;SIM;SIM;;;
Cazumba;2017;;Davi;286;286;V;;470;;1;2;1;2;SIM;SIM;;;
Cazumba;2017;;Davi;287;287;V;;276;;1;1;1;1;SIM;SIM;;;
Cazumba;2017;;Davi;288;288;V;;287;;3;2;1;4;SIM;SIM;;;
Cazumba;2017;;Davi;289;289;V;;466;;1;1;2;1;SIM;SIM;;;
Cazumba;2017;;Davi;290;290;V;;616;;3;2;2;2;SIM;SIM;;;
Cazumba;2017;;Davi;291;291;V;;493;;2;1;3;2;SIM;SIM;;;
Cazumba;2017;;Davi;292;292;V;;432;;1;2;1;1;SIM;SIM;;;
Cazumba;2017;;Davi;293;293;V;;574;;1;1;3;3;SIM;SIM;;;
Cazumba;2017;;Davi;294;294;V;;464;;2;2;1;2;SIM;SIM;;;
Cazumba;2017;;Davi;295;295;V;;387;;2;1;1;2;SIM;SIM;;;
Cazumba;2017;;Davi;296;296;V;;403;;2;1;1;1;SIM;SIM;;;
Cazumba;2017;;Davi;297;297;V;;518;;3;1;2;3;SIM;SIM;;;
Cazumba;2017;;Davi;298;298;V;;456;;3;2;1;3;SIM;SIM;;;
Cazumba;2017;;Davi;299;299;V;;290;;2;1;2;2;SIM;SIM;;;
Cazumba;2017;;Davi;300;300;V;;419;;1;1;1;1;SIM;SIM;;;
Cazumba;2017;;Davi;301;301;V;;260;;2;1;1;2;SIM;SIM;;;
Cazumba;2017;;Davi;302;302;V;;300;;2;1;1;1;SIM;SIM;;;
Cazumba;2017;;Davi;303;303;V;;356;;1;1;1;1;SIM;SIM;;;
Cazumba;2017;;Davi;304;304;V;;395;;1;1;1;1;SIM;SIM;;;
Cazumba;2017;;Davi;305;305;V;;33;;1;1;1;1;NÃO;NÃO;;;
Cazumba;2017;;Davi;306;306;V;;568;;1;2;2;1;SIM;SIM;;;
Cazumba;2017;;Davi;307;307;V;;102;;1;1;1;1;NÃO;NÃO;;;
Cazumba;2017;;Davi;308;308;V;;313;;2;2;1;2;SIM;SIM;;;
Cazumba;2017;;Davi;309;309;V;;371;;1;2;1;1;SIM;SIM;;;
Cazumba;2017;;Davi;310;310;V;;494;;1;1;3;1;SIM;SIM;;;
Cazumba;2017;;Davi;311;311;V;;480;;1;1;1;2;SIM;SIM;;;
Cazumba;2017;;Davi;312;312;V;;446;;1;2;1;2;SIM;SIM;;;
Cazumba;2017;;Davi;313;313;V;;1020;;2;3;2;4;SIM;SIM;;;Tronco oco
Cazumba;2017;;Davi;314;314;V;;547;;1;2;1;2;SIM;SIM;;;
Cazumba;2017;;Davi;315;315;V;;308;;3;1;2;3;SIM;SIM;;;
Cazumba;2017;;Davi;316;316;V;;564;;1;2;3;1;SIM;SIM;;;
Cazumba;2017;;Davi;317;317;V;;324;;1;1;3;1;SIM;SIM;;;
Cazumba;2017;;Davi;318;318;V;;368;;1;1;1;2;SIM;SIM;;;
Cazumba;2017;;Davi;319;319;V;;174;;1;1;1;1;SIM;SIM;;;
Cazumba;2017;;Davi;320;320;V;;564;;2;2;1;2;SIM;SIM;;;
Cazumba;2017;;Davi;321;321;V;;665;;2;1;1;1;SIM;SIM;;;
Cazumba;2017;;Davi;322;322;V;;238;;1;1;1;1;SIM;SIM;;;
Cazumba;2017;;Davi;323;323;V;;374;;2;1;1;2;SIM;SIM;;;
Cazumba;2017;;Davi;324;324;V;;380;;2;2;1;3;SIM;SIM;;;
Cazumba;2017;;Davi;325;325;V;;362;;1;1;1;2;SIM;SIM;;;
Cazumba;2017;;Davi;326;326;V;;505;;2;2;1;3;SIM;SIM;;;
Cazumba;2017;;Davi;327;327;V;;625;;3;1;1;2;SIM;SIM;;;
Cazumba;2017;;Davi;328;328;V;;356;;2;2;1;1;SIM;SIM;;;
Cazumba;2017;;Davi;329;329;V;;341;;2;2;1;1;SIM;SIM;;;
Cazumba;2017;;Davi;330;330;V;;350;;2;1;2;2;SIM;SIM;;;
Cazumba;2017;;Davi;331;331;V;;254;;1;1;2;1;SIM;SIM;;;
Cazumba;2017;;Davi;332;332;V;;290;;2;2;1;1;SIM;SIM;;;
Cazumba;2017;;Davi;333;333;V;;430;;3;2;2;3;SIM;SIM;;;
Cazumba;2017;;Davi;334;334;V;;307;;1;2;2;1;SIM;SIM;;;
Cazumba;2017;;Davi;335;335;V;;178;;2;1;1;1;SIM;SIM;;;
Cazumba;2017;;Davi;336;336;V;;308;;1;1;1;1;SIM;SIM;;;
Cazumba;2017;;Davi;337;337;V;;310;;3;2;1;3;SIM;SIM;;;
Cazumba;2017;;Davi;338;338;V;;376;;2;1;2;2;SIM;SIM;;;
Cazumba;2017;;Davi;339;339;V;;397;;2;1;1;1;NÃO;NÃO;;;
Cazumba;2017;;Davi;340;340;V;;34;;3;1;1;3;SIM;SIM;;;
Cazumba;2017;;Davi;341;341;V;;393;;3;1;1;2;SIM;SIM;;;
Cazumba;2017;;Davi;342;342;V;;303;;1;1;1;1;SIM;SIM;;;
Cazumba;2017;;Davi;343;343;V;;145;;1;1;1;2;SIM;SIM;;;
Cazumba;2017;;Davi;344;344;V;;430;;3;2;1;4;SIM;SIM;;;
Cazumba;2017;;Davi;345;345;V;;319;;2;1;1;1;SIM;SIM;;;
Cazumba;2017;;Davi;346;346;V;;370;;1;1;1;2;SIM;SIM;;;
Cazumba;2017;;Davi;347;347;V;;246;;2;1;2;2;SIM;SIM;;;
Cazumba;2017;;Davi;348;348;V;;783;;2;3;1;5;SIM;SIM;;;
Cazumba;2017;;Davi;349;349;V;;462;;1;1;1;1;SIM;SIM;;;
Cazumba;2017;;Davi;350;350;V;;598;;2;1;2;2;SIM;SIM;;;
Cazumba;2017;;Davi;351;351;V;;554;;1;2;1;1;SIM;SIM;;;
Cazumba;2017;;Davi;352;352;V;;347;;2;1;1;3;SIM;SIM;;;
Cazumba;2017;;Davi;353;353;V;;480;;1;1;1;2;SIM;SIM;;;
Cazumba;2017;;Davi;354;354;V;;457;;1;1;1;1;SIM;SIM;;;
Cazumba;2017;;Davi;355;355;V;;410;;1;1;2;2;SIM;SIM;;;
Cazumba;2017;;Davi;356;356;V;;370;;2;1;1;4;SIM;SIM;;;
Cazumba;2017;;Davi;357;357;V;;269;;1;2;1;2;SIM;SIM;;;
Cazumba;2017;;Davi;358;358;V;;211;;2;1;1;2;SIM;SIM;;;
Cazumba;2017;;Davi;359;359;V;;260;;2;1;2;2;SIM;SIM;;;
Cazumba;2017;;Davi;360;360;V;;322;;1;1;1;2;SIM;SIM;;;
Cazumba;2017;;Davi;361;361;V;;414;;1;1;1;1;SIM;SIM;;;
Cazumba;2017;;Davi;362;362;V;;422;;2;1;1;2;SIM;SIM;;;
Cazumba;2017;;Davi;363;363;V;;198;;2;1;1;1;SIM;SIM;;;
Cazumba;2017;;Davi;364;364;V;;315;;1;1;1;2;SIM;SIM;;;
Cazumba;2017;;Davi;365;365;V;;386;;1;1;1;1;SIM;SIM;;;
Cazumba;2017;;Davi;366;366;V;;560;;2;2;3;2;SIM;SIM;;;
Cazumba;2017;;Davi;367;367;V;;440;;2;2;1;3;SIM;SIM;;;
Cazumba;2017;;Iracema;368;368;V;;400;;1;2;1;1;SIM;SIM;;;
Cazumba;2017;;Iracema;369;369;V;;361;;1;2;2;3;SIM;SIM;;;
Cazumba;2017;;Iracema;370;370;V;;211;;1;2;1;1;SIM;SIM;;;
Cazumba;2017;;Iracema;371;371;V;;345;;1;2;1;2;SIM;SIM;;;
Cazumba;2017;;Iracema;372;372;V;;362;;2;2;1;2;SIM;SIM;;;
Cazumba;2017;;Iracema;373;373;V;;447;;1;1;2;1;SIM;SIM;;;
Cazumba;2017;;Iracema;374;374;V;;200;;1;1;2;1;SIM;SIM;;;
Cazumba;2017;;Iracema;375;375;V;;82;;2;1;1;2;NÃO;NÃO;;;
Cazumba;2017;;Iracema;376;376;V;;214;;1;1;1;1;SIM;SIM;;;
Cazumba;2017;;Iracema;377;377;V;;311;;1;1;3;2;SIM;SIM;;;
Cazumba;2017;;Iracema;378;378;V;;302;;1;2;2;1;SIM;SIM;;;
Cazumba;2017;;Iracema;379;379;V;;288;;1;2;2;2;SIM;SIM;;;
Cazumba;2017;;Iracema;380;380;V;;258;;1;2;1;2;SIM;SIM;;;
Cazumba;2017;;Iracema;381;381;V;;253;;1;1;1;3;SIM;SIM;;;
Cazumba;2017;;Iracema;382;382;V;;308;;1;1;2;1;SIM;SIM;;;
Cazumba;2017;;Iracema;383;383;V;;415;;2;1;2;2;SIM;SIM;;;
Cazumba;2017;;Iracema;384;384;V;;363;;3;1;1;2;SIM;SIM;;;
Cazumba;2017;;Iracema;385;385;V;;335;;1;2;2;2;SIM;SIM;;;
Cazumba;2017;;Iracema;386;386;V;;395;;1;2;1;1;SIM;SIM;;;
Cazumba;2017;;Iracema;387;387;V;;285;;1;1;1;1;SIM;SIM;;;
Cazumba;2017;;Iracema;388;388;V;;347;;2;2;1;2;SIM;SIM;;;
Cazumba;2017;;Iracema;389;389;V;;403;;3;2;2;2;SIM;SIM;;;
Cazumba;2017;;Iracema;390;390;V;;342;;1;2;1;1;SIM;SIM;;;
Cazumba;2017;;Iracema;391;391;V;;372;;3;3;1;4;SIM;SIM;;;
Cazumba;2017;;Iracema;392;392;V;;430;;2;3;3;3;SIM;SIM;;;
Cazumba;2017;;Iracema;393;393;V;;296;;3;2;1;2;SIM;SIM;;;
Cazumba;2017;;Iracema;394;394;V;;304;;2;1;1;2;SIM;SIM;;;
Cazumba;2017;;Iracema;395;395;V;;393;;2;2;1;4;SIM;SIM;;;
Cazumba;2017;;Iracema;396;396;V;;505;;2;2;3;3;SIM;SIM;;;
Cazumba;2017;;Iracema;397;397;V;;480;;3;1;1;2;SIM;SIM;;;
Cazumba;2017;;Iracema;398;398;V;;328;;2;1;3;2;SIM;SIM;;;
Cazumba;2017;;Zirmão;399;399;V;;225;;2;1;1;1;SIM;SIM;;;
Cazumba;2017;;Zirmão;400;400;V;;250;;2;1;2;2;SIM;SIM;;;
Cazumba;2017;;Zirmão;401;401;V;;290;;1;1;1;2;SIM;SIM;;;
Cazumba;2017;;Zirmão;402;402;V;;356;;1;1;2;1;SIM;SIM;;;
Cazumba;2017;;Zirmão;403;403;V;;326;;2;2;1;2;SIM;SIM;;;
Cazumba;2017;;Zirmão;404;404;V;;307;;2;3;1;3;SIM;SIM;;;
Cazumba;2017;;Zirmão;405;405;V;;199;;1;1;1;1;SIM;SIM;;;
Cazumba;2017;;Zirmão;406;406;V;;460;;2;2;1;2;SIM;SIM;;;
Cazumba;2017;;Zirmão;407;407;V;;183;;1;1;1;1;SIM;SIM;;;
Cazumba;2017;;Zirmão;408;408;V;;363;;3;1;1;2;SIM;SIM;;;Presença de muitas abelhas na copa e Ficos*
Cazumba;2017;;Zirmão;409;409;V;;285;;1;2;1;1;SIM;SIM;;;
Cazumba;2017;;Zirmão;410;410;V;;256;;1;1;1;2;SIM;SIM;;;
Cazumba;2017;;Zirmão;411;411;V;;288;;1;2;1;1;SIM;SIM;;;
Cazumba;2017;;Zirmão;412;412;V;;535;;2;2;2;3;SIM;SIM;;;
Cazumba;2017;;Zirmão;413;413;V;;215;;1;1;1;1;SIM;SIM;;;
Cazumba;2017;;Zirmão;414;414;V;;235;;2;1;1;1;SIM;SIM;;;
Cazumba;2017;;Zirmão;415;415;V;;278;;3;1;1;2;SIM;SIM;;;
Cazumba;2017;;Zirmão;416;416;V;;175;;1;1;1;1;SIM;SIM;;;
Cazumba;2017;;Zirmão;417;417;V;;103;;1;1;1;1;SIM;SIM;;;
Cazumba;2017;;Zirmão;418;418;V;;460;;1;1;2;1;SIM;SIM;;;
Cazumba;2017;;Zirmão;419;419;V;;88;;3;1;2;3;SIM;SIM;;;
Cazumba;2017;;Zirmão;420;420;V;;188;;1;1;1;2;SIM;SIM;;;
Cazumba;2017;;Zirmão;421;421;V;;312;;1;1;1;1;SIM;SIM;;;
Cazumba;2017;;Zirmão;422;422;V;;370;;2;1;1;3;SIM;SIM;;;
Cazumba;2017;;Zirmão;423;423;V;;660;;3;2;2;4;SIM;SIM;;;
Cazumba;2017;;Zirmão;424;424;V;;900;;3;3;3;4;SIM;SIM;;;
Cazumba;2017;;Zirmão;425;425;V;;520;;1;1;2;2;SIM;SIM;;;
Cazumba;2017;;Zirmão;426;426;V;;370;;1;2;2;1;SIM;SIM;;;
Cazumba;2017;;Zirmão;427;427;V;;258;;2;1;1;2;SIM;SIM;;;
Cazumba;2017;;Zirmão;428;428;V;;356;;2;1;2;1;SIM;SIM;;;
Cazumba;2017;;Zirmão;429;429;V;;504;;2;1;1;2;SIM;SIM;;;
Cazumba;2017;;Zirmão;430;430;V;;150;;1;1;1;2;SIM;SIM;;;
Cazumba;2017;;Zirmão;431;431;V;;192;;1;1;1;2;SIM;SIM;;;
Cazumba;2017;;Zirmão;432;432;V;;446;;1;2;1;3;SIM;SIM;;;
Cazumba;2017;;Zirmão;433;433;V;;643;;2;2;2;2;SIM;SIM;;;
Cazumba;2017;;Zirmão;434;434;V;;600;;1;1;1;2;SIM;SIM;;;
Cazumba;2017;;Zirmão;435;435;V;;520;;3;1;1;3;SIM;SIM;;;
Cazumba;2017;;Zirmão;436;436;V;;545;;2;2;1;1;SIM;SIM;;;
Cazumba;2017;;Zirmão;437;437;V;;219;;1;1;1;1;SIM;SIM;;;
Cazumba;2017;;Zirmão;438;438;V;;173;;2;1;1;2;SIM;SIM;;;
Cazumba;2017;;Zirmão;439;439;V;;247;;1;1;1;5;SIM;SIM;;;
Cazumba;2017;;Zirmão;440;440;V;;454;;2;1;1;2;SIM;SIM;;;
Cazumba;2017;;Zirmão;441;441;V;;276;;1;1;1;1;SIM;SIM;;;
Cazumba;2017;;Zirmão;442;442;V;;53;;1;1;1;1;NÃO;NÃO;;;
Cazumba;2017;;Zirmão;443;443;V;;139;;1;1;1;1;SIM;SIM;;;
Cazumba;2017;;Zirmão;444;444;V;;161;;3;1;1;2;NÃO;NÃO;;;
Cazumba;2017;;Zirmão;445;445;V;;124;;3;1;1;5;NÃO;NÃO;;;
Cazumba;2017;;Zirmão;446;446;V;;445;;3;1;1;2;SIM;SIM;;;
Cazumba;2017;;Zirmão;447;447;V;;289;;2;1;1;2;SIM;SIM;;;
Cazumba;2017;;Zirmão;448;448;V;;367;;2;1;1;3;SIM;SIM;;;
Cazumba;2017;;Zirmão;449;449;V;;372;;1;2;1;1;SIM;SIM;;;
Cazumba;2017;;Zirmão;450;450;V;;480;;2;1;1;2;SIM;SIM;;;
Cazumba;2017;;Zirmão;451;451;V;;261;;3;1;1;2;SIM;SIM;;;
Cazumba;2017;;Zirmão;452;452;V;;393;;1;1;1;1;SIM;SIM;;;
Cazumba;2017;;Zirmão;453;453;V;;418;;1;1;1;1;SIM;SIM;;;
Cazumba;2017;;Zirmão;454;454;V;;354;;1;3;1;2;SIM;SIM;;;
Cazumba;2017;;Zirmão;455;455;V;;404;;1;2;1;1;SIM;SIM;;;
Cazumba;2017;;Zirmão;456;456;V;;343;;1;1;2;1;SIM;SIM;;;
Cazumba;2017;;Zirmão;457;457;V;;519;;2;1;1;1;SIM;SIM;;;
Cazumba;2017;;Zirmão;458;458;V;;453;;1;1;1;1;SIM;SIM;;;
Cazumba;2017;;Zirmão;459;459;V;;290;;2;1;1;1;SIM;SIM;;;
Cazumba;2017;;Zirmão;460;460;V;;243;;1;1;1;2;SIM;SIM;;;
Cazumba;2017;;Zirmão;461;461;V;;347;;1;1;1;1;SIM;SIM;;;
Cazumba;2017;;Zirmão;462;462;V;;56;;1;1;1;2;SIM;SIM;;;
Cazumba;2017;;Zirmão;463;463;V;;285;;2;1;2;2;SIM;SIM;;;
Cazumba;2017;;Zirmão;464;464;V;;259;;2;1;1;3;SIM;SIM;;;
Cazumba;2017;;Zirmão;465;465;V;;318;;1;1;1;1;SIM;SIM;;;
Cazumba;2017;;Zirmão;466;466;V;;347;;1;1;1;1;SIM;SIM;;;
Cazumba;2017;;Zirmão;467;467;V;;384;;1;1;1;1;SIM;SIM;;;
Cazumba;2017;;Zirmão;468;468;V;;287;;2;1;1;2;SIM;SIM;;;
Cazumba;2017;;Zirmão;469;469;V;;212;;3;1;2;2;SIM;SIM;;;
Cazumba;2017;;Zirmão;470;470;V;;120;;1;2;1;2;NÃO;NÃO;;;
Cazumba;2017;;Zirmão;471;471;V;;406;;3;1;1;4;SIM;NÃO;;;
Cazumba;2017;;Zirmão;472;472;V;;341;;1;1;2;1;SIM;SIM;;;
Cazumba;2017;;Zirmão;473;473;V;;189;;2;1;1;1;SIM;SIM;;;
Cazumba;2017;;Zirmão;474;474;V;;440;;3;1;1;2;SIM;SIM;;;
Cazumba;2017;;Zirmão;475;475;V;;388;;2;1;1;2;SIM;SIM;;;
Cazumba;2017;;Zirmão;476;476;V;;506;;1;1;1;1;SIM;SIM;;;
Cazumba;2017;;Zirmão;477;477;V;;90;;2;1;1;2;NÃO;NÃO;;;
Cazumba;2017;;Zirmão;478;478;V;;389;;1;1;1;1;SIM;SIM;;;
Cazumba;2017;;Zirmão;479;479;V;;291;;1;1;1;2;SIM;SIM;;;
Cazumba;2017;;Zirmão;480;480;V;;332;;1;1;1;1;SIM;SIM;;;
Cazumba;2017;;Zirmão;481;481;V;;372;;2;1;1;2;SIM;SIM;;;
Cazumba;2017;;Zirmão;482;482;V;;414;;1;2;1;1;SIM;SIM;;;
Cazumba;2017;;Zirmão;483;483;V;;200;;1;1;1;1;SIM;SIM;;;
Cazumba;2017;;Zirmão;484;484;V;;600;;3;2;2;4;SIM;SIM;;;
Cazumba;2017;;Zirmão;485;485;V;;178;;2;2;1;2;SIM;SIM;;;
Cazumba;2017;;Zirmão;486;486;V;;435;;2;1;1;1;SIM;SIM;;;
Cazumba;2017;;Zirmão;487;487;V;;625;;2;1;1;4;SIM;SIM;;;
Cazumba;2017;;Zirmão;488;488;V;;449;;1;2;1;2;SIM;SIM;;;
Cazumba;2017;;Zirmão;489;489;V;;596;;2;1;1;2;SIM;SIM;;;
Cazumba;2017;;Zirmão;490;490;V;;556;;3;1;1;2;SIM;SIM;;;
Cazumba;2017;;Zirmão;491;491;V;;575;;3;1;2;3;SIM;SIM;;;
Cazumba;2017;;Zirmão;492;492;V;;;;2;1;1;2;SIM;SIM;;;
Cazumba;2017;;Zirmão;493;493;V;;547;;1;1;1;2;SIM;SIM;;;
Cazumba;2017;;Zirmão;494;494;V;;363;;2;1;1;2;SIM;NÃO;;;
Cazumba;2017;;Zirmão;495;495;V;;267;;1;1;1;2;SIM;SIM;;;
Cazumba;2017;;Zirmão;496;496;V;;502;;2;2;1;2;SIM;SIM;;;
Cazumba;2017;;Zirmão;497;497;V;;163;;1;1;1;1;SIM;SIM;;;
Cazumba;2017;;Zirmão;498;498;V;;350;;2;1;1;2;SIM;SIM;;;
Cazumba;2017;;Zirmão;499;499;V;;100;;2;1;1;5;SIM;SIM;;;
Cazumba;2017;;Zirmão;500;500;V;;294;;2;2;1;2;SIM;SIM;;;
Cazumba;2018;;Irmãos Gamas;544;544;V;;504;;1;1;2;1;SIM;SIM ;;;POM 1,40m
Cazumba;2018;;Irmãos Gamas;545;545;V;;302;;1;2;3;1;SIM;SIM;;;
Cazumba;2018;;Irmãos Gamas;546;546;V;;366;;1;2;1;2;SIM;SIM;;;
Cazumba;2018;;Irmãos Gamas;547;547;V;;319;;1;1;1;2;SIM;SIM;;;
Cazumba;2018;;Irmãos Gamas;548;548;V;;424;;3;1;1;3;SIM;SIM;;;
Cazumba;2018;;Irmãos Gamas;549;549;V;;503;;3;1;2;3;SIM;SIM;;;
Cazumba;2018;;Irmãos Gamas;550;550;V;;215;;1;1;1;1;SIM;SIM;;;
Cazumba;2018;;Irmãos Gamas;551;551;V;;135;;1;1;1;1;NÃO;NÃO;;;
Cazumba;2018;;Irmãos Gamas;552;552;V;;197;;2;1;2;3;SIM;NÃO;;;
Cazumba;2018;;Irmãos Gamas;553;553;V;;242;;1;3;2;2;SIM;NÃO;;;
Cazumba;2018;;Irmãos Gamas;554;554;V;;170;;1;1;2;2;SIM;NÃO;;;
Cazumba;2018;;Irmãos Gamas;555;555;V;;166;;2;1;1;3;SIM;NÃO;;;
Cazumba;2018;;Irmãos Gamas;556;556;V;;301;;1;2;2;2;SIM;SIM;;;
Cazumba;2018;;Irmãos Gamas;557;557;V;;198;;3;1;1;5;NÃO;NÃO;;;
Cazumba;2018;;Irmãos Gamas;558;558;V;;213;;1;2;1;5;NÃO;NÃO;;;
Cazumba;2018;;Irmãos Gamas;559;559;V;;65;;3;2;1;3;NÃO;NÃO;;;
Cazumba;2018;;Irmãos Gamas;560;560;V;;276;;3;3;1;3;SIM;SIM;;;
Cazumba;2018;;Irmãos Gamas;561;561;V;;438;;1;1;2;2;SIM;SIM;;;
Cazumba;2018;;Irmãos Gamas;562;562;V;;109;;1;1;1;3;NÃO;NÃO;;;
Cazumba;2018;;Irmãos Gamas;563;563;V;;402;;2;1;1;2;SIM;SIM;;;
Cazumba;2018;;Irmãos Gamas;564;564;V;;599;;2;2;2;2;SIM;SIM;;;
Cazumba;2018;;Irmãos Gamas;565;565;V;;441;;1;1;1;2;SIM;SIM;;;
Cazumba;2018;;Irmãos Gamas;566;566;V;;180;;1;1;2;2;SIM;SIM;;;
Cazumba;2018;;Irmãos Gamas;567;567;V;;390;;1;2;2;3;SIM;SIM;;;
Cazumba;2018;;Irmãos Gamas;568;568;V;;284;;2;1;1;4;SIM;SIM;;;
Cazumba;2018;;Irmãos Gamas;569;569;V;;451;;1;1;2;1;SIM;SIM;;;POM 1,60m
Cazumba;2018;;Irmãos Gamas;570;570;V;;308;;1;1;3;2;SIM;SIM;;;
Cazumba;2018;;Irmãos Gamas;571;571;V;;200;;1;1;3;2;SIM;SIM;;;
Cazumba;2018;;Irmãos Gamas;572;572;V;;251;;1;3;1;2;SIM;SIM;;;
Cazumba;2018;;Irmãos Gamas;573;573;V;;327;;2;1;2;2;SIM;SIM;;;
Cazumba;2018;;Irmãos Gamas;574;574;V;;591;;2;1;1;3;SIM;SIM;;;
Cazumba;2018;;Irmãos Gamas;575;575;V;;427;;2;2;2;3;SIM;SIM;;;
Cazumba;2018;;Irmãos Gamas;576;576;V;;420;;2;1;2;2;SIM;SIM;;;
Cazumba;2018;;Irmãos Gamas;577;577;V;;404;;2;2;3;1;SIM;SIM;;;
Cazumba;2018;;Irmãos Gamas;578;578;V;;451;;1;3;1;1;SIM;SIM;;;
Cazumba;2018;;Irmãos Gamas;579;579;V;;390;;3;1;2;4;SIM;SIM;;;POM 1,60m
Cazumba;2018;;Irmãos Gamas;580;580;V;;273;;3;3;2;3;SIM;SIM;;;
Cazumba;2018;;Irmãos Gamas;581;581;V;;557;;1;2;2;2;SIM;SIM;;;POM 1,65m
Cazumba;2018;;Irmãos Gamas;582;582;V;;224;;2;1;2;2;SIM;SIM;;;
Cazumba;2018;;Irmãos Gamas;583;583;V;;342;;2;3;3;2;SIM;SIM;;;
Cazumba;2018;;Irmãos Gamas;584;584;V;;397;;1;2;1;3;SIM;SIM;;;
Cazumba;2018;;Irmãos Gamas;585;585;V;;425;;1;2;2;1;SIM;SIM;;;
Cazumba;2018;;Irmãos Gamas;586;586;V;;529;;2;2;1;2;SIM;SIM;;;
Cazumba;2018;;Irmãos Gamas;587;587;V;;443;;2;2;1;2;SIM;SIM;;;
Cazumba;2018;;Irmãos Gamas;588;588;V;;503;;3;2;3;3;SIM;SIM;;;
Cazumba;2018;;Dimá;589;589;V;;487;;2;1;1;2;SIM ;SIM ;;;
Cazumba;2018;;Dimá;590;590;V;;321;;1;1;2;2;SIM;SIM;;;
Cazumba;2018;;Dimá;591;591;V;;482;;2;2;2;3;SIM;SIM;;;
Cazumba;2018;;Dimá;592;592;V;;349;;1;1;1;2;SIM;SIM;;;
Cazumba;2018;;Dimá;593;593;V;;230;;1;1;1;2;SIM;SIM;;;Conferir medida durante a coleta da castanha
Cazumba;2018;;Dimá;594;594;V;;637;;3;2;3;4;SIM;SIM;;;POM 1,45m
Cazumba;2018;;Dimá;595;595;V;;479;;3;2;1;2;SIM;SIM;;;
Cazumba;2018;;Dimá;596;596;V;;779;;3;1;1;2;SIM;SIM;;;Apuí na copa
Cazumba;2018;;Dimá;597;597;V;;471;;1;1;1;2;SIM;SIM;;;
Cazumba;2018;;Dimá;598;598;V;;258;;1;1;1;2;SIM;SIM;;;
Cazumba;2018;;Marizan;599;599;V;;455;;3;3;1;4;SIM ;SIM ;;;
Cazumba;2018;;Marizan;600;600;V;;261;;1;1;2;2;SIM;SIM;;;
Cazumba;2018;;Marizan;601;601;V;;742;;1;1;2;1;SIM;SIM;;;
Cazumba;2018;;Marizan;602;602;V;;343;;2;2;2;3;SIM;SIM;;;
Cazumba;2018;;Marizan;603;603;V;;444;;1;1;1;1;SIM;SIM;;;
Cazumba;2018;;Marizan;604;604;V;;390;;2;2;1;3;SIM;SIM;;;
Cazumba;2018;;Marizan;605;605;V;;354;;1;1;1;3;SIM;SIM;;;
Cazumba;2018;;Marizan;606;606;V;;426;;2;1;1;1;SIM;SIM;;;
Cazumba;2018;;Marizan;607;607;V;;425;;2;2;1;3;SIM;SIM;;;
Cazumba;2018;;Marizan;608;608;V;;129;;3;1;1;1;SIM;NÃO;;;Planta desconhecida (não era coletada)
Cazumba;2018;;Marizan;609;609;V;;355;;3;2;2;3;SIM;SIM;;;
Cazumba;2018;;Marizan;610;610;V;;445;;2;1;1;2;SIM;SIM;;;
Cazumba;2018;;Marizan;611;611;V;;331;;3;2;1;4;SIM;NÃO;;;Planta desconhecida (não era coletada)
Cazumba;2018;;Marizan;612;612;V;;205;;1;1;1;1;SIM;NÃO;;;Planta desconhecida (não era coletada)
Cazumba;2018;;Marizan;613;613;V;;429;;3;2;1;2;SIM;NÃO;;;Planta desconhecida (não era coletada)
Cazumba;2018;;Marizan;614;614;V;;365;;2;3;1;2;SIM;NÃO;;;Planta desconhecida (não era coletada)
Cazumba;2018;;Marizan;615;615;V;;156;;3;1;1;3;NÃO;NÃO;;;
Cazumba;2018;;Zequinha;616;616;V;;290;;3;1;1;2;SIM ;SIM ;;;
Cazumba;2018;;Zequinha;617;617;V;;311;;1;2;1;2;SIM;SIM;;;
Cazumba;2018;;Zequinha;618;618;V;;293;;2;1;1;2;SIM;SIM;;;
Cazumba;2018;;Zequinha;619;619;V;;313;;1;1;1;3;SIM;SIM;;;
Cazumba;2018;;Zequinha;620;620;V;;334;;3;1;1;4;SIM;SIM;;;
Cazumba;2018;;Zequinha;621;621;V;;261;;1;2;2;1;SIM;SIM;;;
Cazumba;2018;;Zequinha;622;622;V;;227;;1;1;1;4;SIM;SIM;;;
Cazumba;2018;;Zequinha;623;623;V;;358;;1;3;1;2;SIM;SIM;;;
Cazumba;2018;;Zequinha;624;624;V;;409;;2;2;1;1;SIM;SIM;;;
Cazumba;2018;;Zequinha;625;625;V;;437;;1;2;2;3;SIM;SIM;;;
Cazumba;2018;;Zequinha;626;626;V;;243;;2;2;1;3;SIM;SIM;;;
Cazumba;2018;;Zequinha;627;627;V;;785;;1;1;2;2;SIM;SIM;;;
Cazumba;2018;;Zequinha;628;628;V;;432;;1;2;1;1;SIM;SIM;;;
Cazumba;2018;;Zequinha;629;629;V;;266;;1;1;1;2;SIM;SIM;;;
Cazumba;2018;;Zequinha;630;630;V;;425;;1;2;3;2;SIM;SIM;;;
Cazumba;2018;;Zequinha;631;631;V;;379;;1;2;1;3;SIM;SIM;;;
Cazumba;2018;;Zequinha;632;632;V;;642;;2;3;2;2;SIM;SIM;;;
Cazumba;2018;;Zequinha;633;633;V;;420;;1;3;3;3;SIM;SIM;;;
Cazumba;2018;;Zequinha;634;634;V;;452;;1;3;2;2;SIM;SIM;;;
Cazumba;2018;;Zequinha;635;635;V;;299;;3;1;2;2;SIM;SIM;;;
Cazumba;2018;;Zequinha;636;636;V;;251;;3;2;2;3;SIM;SIM;;;
Cazumba;2018;;Zequinha;637;637;V;;515;;3;3;1;4;SIM;SIM;;;
Cazumba;2018;;Zequinha;638;638;V;;34;;3;1;1;3;NÃO;NÃO;;;Copa quebrou e rebrotou
Cazumba;2018;;Zequinha;639;639;V;;257;;1;1;2;1;SIM;NÃO;;;
Cazumba;2018;;Zequinha;640;640;V;;503;;2;1;1;3;SIM;SIM;;;
Cazumba;2018;;Zequinha;641;641;V;;425;;2;1;1;4;SIM;SIM;;;
Cazumba;2018;;Zequinha;642;642;V;;190;;1;1;2;2;SIM;NÃO;;;Planta desconhecida (não era coletada)
Cazumba;2018;;Zequinha;643;643;V;;89;;3;1;1;4;NÃO;NÃO;;;
Cazumba;2018;;Zequinha;644;644;V;;593;;3;1;1;5;SIM;NÃO;;;POM 1,90m (com um pouco de sapopema)
Cazumba;2018;;Zequinha;645;645;V;;417;;1;3;1;3;SIM;SIM ;;;
Cazumba;2018;;Zequinha;646;646;V;;352;;1;2;1;4;SIM;SIM;;;
Cazumba;2018;;Zequinha;647;647;V;;185;;1;1;1;1;SIM;NÃO;;;Planta desconhecida (não era coletada)
Cazumba;2018;;Zequinha;648;648;V;;230;;3;1;1;4;SIM;SIM;;;
Cazumba;2018;;Zequinha;649;649;V;;449;;1;3;3;3;SIM;SIM;;;
Cazumba;2018;;Zequinha;650;650;V;;134;;1;1;1;1;SIM;SIM;;;
Cazumba;2018;;Zequinha;651;651;V;;423;;2;2;3;3;SIM;SIM;;;
Cazumba;2018;;Zequinha;652;652;V;;397;;1;3;1;2;SIM;SIM;;;
Cazumba;2018;;Zequinha;653;653;V;;44;;2;1;1;3;NÃO;NÃO;;;
Cazumba;2018;;Zequinha;654;654;V;;62;;3;2;1;4;NÃO;NÃO;;;
Cazumba;2018;;Zequinha;655;655;V;;105;;3;1;1;4;NÃO;NÃO;;;
Cazumba;2018;;Zequinha;656;656;V;;35;;3;1;1;2;NÃO;NÃO;;;
Cazumba;2018;;Zequinha;657;657;V;;55;;3;1;1;3;NÃO;NÃO;;;
Cazumba;2018;;Zequinha;658;658;V;;301;;1;3;1;2;SIM;SIM;;;
Cazumba;2018;;Zequinha;659;659;V;;203;;3;1;3;2;SIM;SIM;;;
Cazumba;2018;;Zequinha;660;660;V;;535;;3;3;1;4;SIM;SIM;;;
Cazumba;2018;;Zequinha;661;661;V;;425;;2;2;2;2;SIM;SIM;;;
Cazumba;2018;;Zequinha;662;662;V;;210;;3;1;3;3;SIM;SIM;;;
Cazumba;2018;;Zequinha;663;663;M;;214;;3;3;1;5;NÃO;NÃO;;;
Cazumba;2018;;Zequinha;664;664;V;;283;;2;2;1;1;SIM;NÃO;;;Planta desconhecida (não era coletada)
Cazumba;2018;;Zequinha;665;665;V;;626;;2;2;3;3;SIM;SIM;;;
Cazumba;2018;;Zequinha;666;666;V;;765;;3;2;3;3;SIM;SIM;;;
Cazumba;2018;;Zequinha;667;667;V;;229;;3;2;2;3;SIM;SIM;;;
Cazumba;2018;;Zequinha;668;668;V;;194;;1;2;2;1;SIM;SIM;;;
Cazumba;2018;;Zequinha;669;669;V;;46;;3;1;1;5;NÃO;NÃO;;;
Cazumba;2018;;Zequinha;670;670;V;;250;;1;1;3;2;SIM ;SIM;;;
Cazumba;2018;;Zequinha;671;671;V;;430;;1;3;2;2;SIM;SIM;;;
Cazumba;2018;;Zequinha;672;672;V;;125;;1;1;2;1;NÃO;NÃO;;;
Cazumba;2018;;Zequinha;673;673;V;;218;;1;1;3;1;SIM;SIM;;;
Cazumba;2018;;Zequinha;674;674;V;;570;;2;3;1;2;SIM;SIM;;;
Cazumba;2018;;Zequinha;675;675;V;;420;;1;1;3;2;SIM;SIM;;;
Cazumba;2018;;Zequinha;676;676;V;;456;;1;2;2;2;SIM;SIM;;;
Cazumba;2018;;Zequinha;677;677;V;;549;;1;2;2;2;SIM;SIM;;;
Cazumba;2018;;Zequinha;678;678;V;;350;;2;2;3;3;SIM;SIM;;;
Cazumba;2018;;Zequinha;679;679;V;;474;;1;3;2;2;SIM;SIM;;;
Cazumba;2018;;Zequinha;680;680;V;;322;;1;2;2;2;SIM;SIM;;;
Cazumba;2018;;Zequinha;681;681;V;;714;;2;2;2;3;SIM;SIM;;;
Cazumba;2018;;Zequinha;682;682;V;;280;;3;2;1;4;SIM;NÃO;;;Planta desconhecida (não era coletada)
Cazumba;2018;;Zequinha;683;683;V;;463;;2;2;2;2;SIM;SIM;;;
Cazumba;2018;;Zequinha;684;684;V;;380;;2;2;1;3;SIM;SIM;;;
Cazumba;2018;;Zequinha;685;685;V;;340;;2;3;1;3;SIM;SIM;;;
Cazumba;2018;;Zequinha;686;686;V;;140;;1;1;1;1;SIM;SIM;;;
Cazumba;2018;;Zequinha;687;687;V;;265;;2;2;2;2;SIM;SIM;;;
Cazumba;2018;;Zequinha;688;688;V;;105;;1;1;1;2;NÃO;NÃO;;;
Cazumba;2018;;Zequinha;689;689;V;;210;;2;1;1;2;SIM;SIM;;;
Cazumba;2018;;Zequinha;690;690;V;;185;;1;1;2;2;SIM;SIM;;;
Cazumba;2018;;Zequinha;691;691;V;;325;;1;2;2;3;SIM;SIM;;;
Cazumba;2018;;Zequinha;692;692;V;;32;;3;1;1;4;NÃO;NÃO;;;
Cazumba;2018;;Zequinha;693;693;V;;34;;1;1;1;3;NÃO;NÃO;;;Copa quebrou e rebrotou
Cazumba;2018;;Zequinha;694;694;V;;245;;1;1;2;1;SIM;SIM;;;
Cazumba;2018;;Zequinha;695;695;V;;280;;1;2;2;1;SIM;SIM;;;
Cazumba;2018;;Zequinha;696;696;V;;410;;2;3;3;2;SIM;SIM;;;
Cazumba;2018;;Zequinha;697;697;V;;241;;1;1;1;3;SIM;SIM;;;
Cazumba;2018;;Zequinha;698;698;V;;111;;3;2;1;4;NÃO;NÃO;;;
Cazumba;2018;;Zequinha;699;699;V;;122;;3;1;2;2;NÃO;NÃO;;;
Cazumba;2018;;Zequinha;700;700;V;;311;;2;2;1;2;SIM;SIM;;;
Cazumba;2018;;Zequinha;701;701;V;;224;;3;1;1;2;SIM;SIM;;;
Cazumba;2018;;Zequinha;702;702;V;;154;;1;2;2;2;SIM;SIM;;;
Cazumba;2018;;Zequinha;703;703;V;;358;;1;3;1;2;SIM;SIM;;;
Cazumba;2018;;Zequinha;704;704;V;;57;;1;2;1;1;NÃO;NÃO;;;
Cazumba;2018;;Zequinha;705;705;V;;417;;1;3;1;2;SIM;SIM;;;
Cazumba;2018;;Zequinha;706;706;V;;277;;1;3;1;2;SIM;SIM;;;
Cazumba;2018;;Zequinha;707;707;V;;304;;3;3;2;3;SIM;SIM;;;
Cazumba;2018;;Zequinha;708;708;V;;372;;3;3;1;4;SIM;SIM;;;
Cazumba;2018;;Zequinha;709;709;V;;342;;1;1;2;3;SIM;SIM;;;
Cazumba;2018;;Zequinha;710;710;V;;328;;1;1;1;2;SIM;SIM;;;
Cazumba;2018;;Zequinha;711;711;V;;249;;1;1;1;2;SIM;SIM;;;
Cazumba;2018;;Zequinha;712;712;V;;637;;2;2;1;1;SIM;SIM;;;
Cazumba;2018;;Zequinha;713;713;V;;387;;1;1;1;2;SIM;SIM;;;
Cazumba;2018;;Zequinha;714;714;V;;433;;1;1;2;1;SIM;SIM;;;
Cazumba;2018;;Zequinha;715;715;V;;320;;1;2;1;1;SIM;SIM;;;
Cazumba;2018;;Zequinha;716;716;V;;40;;3;1;1;5;NÃO;NÃO;;;
Cazumba;2018;;Zequinha;717;717;V;;411;;2;3;1;3;SIM;SIM;;;
Cazumba;2018;;Zequinha;718;718;V;;490;;1;2;2;2;SIM;SIM;;;
Cazumba;2018;;Zequinha;719;719;V;;330;;1;1;2;2;SIM;SIM;;;
Cazumba;2018;;Zequinha;720;720;V;;297;;1;1;1;3;SIM;SIM;;;
Cazumba;2018;;Zequinha;721;721;V;;288;;3;2;1;3;SIM;SIM;;;
Cazumba;2018;;Zequinha;722;722;V;;368;;2;2;2;2;SIM;SIM;;;
Cazumba;2018;;Zequinha;723;723;V;;445;;1;2;3;2;SIM;SIM;;;
Cazumba;2018;;Zequinha;724;724;V;;507;;2;1;1;2;SIM;SIM;;;
Cazumba;2018;;Zequinha;725;725;V;;266;;3;2;2;3;SIM;SIM;;;
Cazumba;2018;;Zequinha;726;726;V;;202;;1;1;3;3;SIM;SIM;;;
Cazumba;2018;;Zequinha;727;727;V;;374;;2;2;1;3;SIM;SIM;;;
Cazumba;2018;;Zequinha;728;728;V;;418;;2;2;2;2;SIM;SIM;;;
Cazumba;2018;;Zequinha;729;729;V;;541;;2;2;1;2;SIM;SIM;;;
Cazumba;2018;;Zequinha;730;730;V;;267;;3;2;1;4;SIM;SIM;;;
Cazumba;2018;;Zequinha;731;731;V;;227;;2;2;1;3;SIM;SIM;;;
Cazumba;2018;;Zequinha;732;732;V;;183;;1;2;1;3;SIM;SIM;;;
Cazumba;2018;;Zequinha;733;733;V;;286;;2;2;1;3;SIM;SIM;;;
Cazumba;2018;;Zequinha;734;734;V;;215;;1;2;1;2;SIM;SIM;;;
Cazumba;2018;;Zequinha;735;735;V;;475;;2;3;2;2;SIM;SIM;;;
Cazumba;2018;;Zequinha;736;736;V;;314;;2;2;1;2;SIM;SIM;;;
Cazumba;2018;;Zequinha;737;737;V;;429;;2;3;1;2;SIM;SIM;;;
Cazumba;2018;;Zequinha;738;738;V;;327;;2;2;1;2;SIM;SIM;;;
Cazumba;2018;;Zequinha;739;739;V;;479;;2;3;1;3;SIM;SIM;;;
Cazumba;2018;;Zequinha;740;740;V;;414;;2;2;2;4;SIM;SIM;;;
Cazumba;2018;;Zequinha;741;741;V;;557;;2;2;3;2;SIM;SIM;;;
Cazumba;2018;;Zequinha;742;742;V;;193;;3;2;1;5;SIM;NÃO;;;
Cazumba;2018;;Zequinha;743;743;V;;343;;3;3;2;2;SIM;SIM;;;
Cazumba;2018;;Zequinha;744;744;V;;294;;1;3;1;3;SIM;SIM;;;
Cazumba;2018;;Zequinha;745;745;V;;316;;1;2;1;1;SIM;SIM;;;
Cazumba;2018;;Zequinha;746;746;V;;293;;2;1;1;2;SIM;SIM;;;
Cazumba;2018;;Zequinha;747;747;V;;321;;1;2;3;2;SIM;SIM;;;
Cazumba;2018;;Zequinha;748;748;V;;241;;1;2;2;1;SIM;SIM;;;
Cazumba;2018;;Zequinha;749;749;V;;210;;3;2;1;4;SIM;NÃO;;;
Cazumba;2018;;Zequinha;750;750;V;;136;;3;1;3;2;NÃO;NÃO;;;
Cazumba;2018;;Zequinha;751;751;V;;206;;2;1;1;2;SIM;SIM;;;
Cazumba;2018;;Zequinha;752;752;V;;181;;3;1;2;3;SIM;SIM;;;
Cazumba;2018;;Zequinha;753;753;V;;274;;2;2;1;2;SIM;SIM;;;
Cazumba;2018;;Zequinha;754;754;V;;545;;2;2;1;1;SIM;SIM;;;
Cazumba;2018;;Zequinha;755;755;V;;528;;2;2;3;1;SIM;SIM;;;
Cazumba;2018;;Zequinha;756;756;V;;361;;2;2;3;4;SIM;SIM;;;
Cazumba;2018;;Zequinha;757;757;V;;241;;2;3;1;2;SIM;SIM;;;
Cazumba;2018;;Zequinha;758;758;V;;300;;2;2;1;2;SIM;SIM;;;
Cazumba;2018;;Zequinha;759;759;V;;220;;1;2;1;1;SIM;SIM;;;
Cazumba;2018;;Zequinha;760;760;V;;225;;2;1;1;2;SIM;SIM;;;
Cazumba;2018;;Zequinha;761;761;V;;96;;3;2;1;4;NÃO;NÃO;;;
Cazumba;2018;;Zequinha;762;762;V;;39;;1;1;1;1;NÃO;NÃO;;;
Cazumba;2018;;Zequinha;763;763;V;;350;;1;2;1;1;SIM;SIM;;;
Cazumba;2018;;Zequinha;764;764;V;;277;;1;1;1;1;SIM;SIM;;;
Cazumba;2018;;Zirmão 2;765;765;V;;84;;3;2;1;3;NÃO;NÃO;;;
Cazumba;2018;;Zirmão 2;766;766;V;;315;;1;2;1;1;SIM;SIM;;;
Cazumba;2018;;Zirmão 2;767;767;V;;334;;2;2;1;3;SIM;SIM;;;
Cazumba;2018;;Zirmão 2;768;768;V;;363;;3;3;1;2;SIM;SIM;;;ocada
Cazumba;2018;;Zirmão 2;769;769;V;;112;;3;2;1;2;NÃO;SIM;;;
Cazumba;2018;;Zirmão 2;770;770;V;;48;;3;1;1;3;NÃO;NÃO;;;
Cazumba;2018;;Zirmão 2;771;771;V;;253;;1;2;1;1;SIM;SIM;;;
Cazumba;2018;;Zirmão 2;772;772;V;;42;;3;1;1;4;NÃO;NÃO;;;
Cazumba;2018;;Zirmão 2;773;773;V;;343;;2;2;1;1;SIM;SIM;;;
Cazumba;2018;;Zirmão 2;774;774;V;;416;;3;2;2;2;SIM;SIM;;;
Cazumba;2018;;Zirmão 2;775;775;V;;431;;3;2;3;4;SIM;NÃO;;;não produz
Cazumba;2018;;Zirmão 2;776;776;V;;628;;2;1;1;1;SIM;SIM;;;
Cazumba;2018;;Zirmão 2;777;777;V;;325;;1;2;1;2;SIM;SIM;;;
Cazumba;2018;;Zirmão 2;778;778;V;;294;;2;2;1;1;SIM;SIM;;;
Cazumba;2018;;Zirmão 2;779;779;V;;367;;2;2;1;2;SIM;SIM;;;
Cazumba;2018;;Zirmão 2;780;780;V;;32;;2;2;1;3;NÃO;NÃO;;;
Cazumba;2018;;Zirmão 2;781;781;V;;77;;3;2;1;4;NÃO;NÃO;;;
Cazumba;2018;;Zirmão 2;782;782;V;;462;;1;3;1;2;SIM;SIM;;;
Cazumba;2018;;Zirmão 2;783;783;V;;340;;1;3;1;2;SIM;SIM;;;
Cazumba;2018;;Zirmão 2;784;784;V;;338;;2;2;1;2;SIM;SIM;;;
Cazumba;2018;;Zirmão 2;785;785;V;;447;;1;3;1;2;SIM;SIM;;;
Cazumba;2018;;Zirmão 2;786;786;V;;330;;2;2;1;3;SIM;SIM;;;
Cazumba;2018;;Zirmão 2;787;787;V;;482;;2;2;1;3;SIM;SIM;;;
Cazumba;2018;;Zirmão 2;788;788;V;;399;;2;3;1;3;SIM;SIM;;;
Cazumba;2018;;Zirmão 2;789;789;V;;36;;1;3;2;1;NÃO;NÃO;;;
Cazumba;2018;;Zirmão 2;790;790;V;;488;;2;1;1;1;SIM;SIM;;;
Cazumba;2018;;Zirmão 2;791;791;V;;432;;3;3;1;3;SIM;NÃO;;;Planta desconhecida (não era coletada)
Cazumba;2018;;Zirmão 2;792;792;V;;352;;1;2;1;1;SIM;SIM;;;
Cazumba;2018;;Zirmão 2;793;793;V;;456;;3;3;1;4;SIM;SIM;;;
Cazumba;2018;;Zirmão 2;794;794;V;;524;;2;3;1;1;SIM;SIM;;;
Cazumba;2018;;Zirmão 2;795;795;V;;372;;1;2;1;1;SIM;SIM;;;
Cazumba;2018;;Zirmão 2;796;796;V;;327;;2;3;1;1;SIM;SIM;;;
Cazumba;2018;;Zirmão 2;797;797;V;;633;;1;3;1;2;SIM;SIM;;;
Cazumba;2018;;Zirmão 2;798;798;V;;355;;2;2;1;2;SIM;SIM;;;
Cazumba;2018;;Zirmão 2;799;799;V;;320;;1;2;1;2;SIM;SIM;;;
Cazumba;2018;;Zirmão 2;800;800;V;;270;;2;2;1;2;SIM;SIM;;;
Cazumba;2018;;Zirmão 2;805;805;V;;480;;3;2;1;2;SIM;SIM;;;
Cazumba;2018;;Zirmão 2;806;806;V;;191;;1;1;1;1;SIM;SIM;;;
Cazumba;2018;;Zirmão 2;807;807;V;;461;;1;2;3;3;SIM;SIM;;;
Cazumba;2018;;Zirmão 2;808;808;V;;348;;3;2;1;2;SIM;SIM;;;
Cazumba;2018;;Zirmão 2;809;809;V;;340;;1;2;1;1;SIM;SIM;;;
Cazumba;2018;;Zirmão 2;810;810;V;;320;;2;1;1;1;SIM;SIM;;;
Cazumba;2018;;Zirmão 2;811;811;V;;324;;3;2;1;2;SIM;SIM;;;
Cazumba;2018;;Zirmão 2;812;812;V;;731;;3;3;1;2;SIM;SIM;;;
Cazumba;2018;;Zirmão 2;813;813;V;;620;;3;3;1;3;SIM;SIM;;;
Cazumba;2018;;Zirmão 2;814;814;V;;510;;3;2;1;3;SIM;SIM;;;
Cazumba;2018;;Zirmão 2;815;815;V;;331;;2;2;1;3;SIM;SIM;;;
Cazumba;2018;;Zirmão 2;816;816;V;;320;;3;2;2;4;SIM;SIM;;;
Cazumba;2018;;Zirmão 2;817;817;V;;559;;2;3;1;2;SIM;SIM;;;
Cazumba;2018;;Zirmão 2;818;818;V;;400;;2;3;2;3;SIM;SIM;;;
Cazumba;2018;;Zirmão 2;819;819;V;;285;;2;2;1;3;SIM;SIM;;;
Cazumba;2018;;Zirmão 2;820;820;V;;365;;2;2;1;2;SIM;SIM;;;
Cazumba;2018;;Zirmão 2;821;821;V;;415;;1;2;1;1;SIM;SIM;;;
Cazumba;2018;;Zirmão 2;822;822;V;;280;;3;2;2;3;SIM;SIM;;;
Cazumba;2018;;Zirmão 2;823;823;V;;513;;2;3;2;2;SIM;SIM;;;
Cazumba;2018;;Zirmão 2;824;824;V;;311;;1;2;3;2;SIM;SIM;;;
Cazumba;2018;;Zirmão 2;825;825;V;;496;;1;2;2;2;SIM;SIM;;;
Cazumba;2018;;Zirmão 2;826;826;V;;225;;2;2;2;2;SIM;SIM;;;
Cazumba;2018;;Zirmão 2;827;827;V;;177;;2;2;2;3;SIM;SIM;;;
Cazumba;2018;;Zirmão 2;828;828;V;;247;;2;2;1;2;SIM;SIM;;;
Cazumba;2018;;Zirmão 2;829;829;V;;294;;1;2;1;2;SIM;SIM;;;
Cazumba;2018;;Zirmão 2;830;830;V;;376;;1;2;1;2;SIM;SIM;;;
Cazumba;2018;;Zirmão 2;831;831;V;;374;;2;2;1;2;SIM;SIM;;;
Cazumba;2018;;Zirmão 2;832;832;V;;387;;2;2;1;2;SIM;SIM;;;
Cazumba;2018;;Zirmão 2;833;833;V;;321;;3;2;1;3;SIM;NÃO;;;
Cazumba;2018;;Zirmão 2;834;834;V;;378;;2;2;1;1;SIM;SIM;;;
Cazumba;2018;;Zirmão 2;835;835;V;;235;;1;2;2;2;SIM;SIM;;;
Cazumba;2018;;Zirmão 2;836;836;V;;412;;3;3;1;3;SIM;SIM;;;
Cazumba;2018;;Zirmão 2;837;837;V;;410;;2;3;1;4;SIM;SIM;;;
Cazumba;2018;;Zirmão 2;838;838;V;;305;;1;3;1;2;SIM;SIM;;;
Cazumba;2018;;Zirmão 2;839;839;V;;254;;2;2;1;4;SIM;SIM;;;POM 3,10 m
Cazumba;2018;;Zirmão 2;840;840;V;;386;;3;2;1;3;SIM;SIM;;;
Cazumba;2018;;Zirmão 2;841;841;V;;196;;1;1;2;1;SIM;SIM;;;
Cazumba;2018;;Zirmão 2;842;842;V;;323;;1;2;1;1;SIM;SIM;;;
Cazumba;2018;;Zirmão 2;843;843;V;;387;;2;3;1;3;SIM;SIM;;;
Cazumba;2018;;Zirmão 2;844;844;V;;190;;3;3;1;4;SIM;NÃO;;;não produz
Cazumba;2018;;Zirmão 2;845;845;V;;473;;2;3;1;3;SIM;SIM;;;
Cazumba;2018;;Zirmão 2;846;846;V;;229;;1;2;1;2;SIM;SIM;;;
Cazumba;2018;;Zirmão 2;847;847;V;;384;;3;2;1;2;SIM;SIM;;;
Cazumba;2018;;Zirmão 2;848;848;V;;293;;1;1;2;2;SIM;SIM;;;
Cazumba;2018;;Zirmão 2;849;849;V;;541;;2;3;2;3;SIM;SIM;;;
Cazumba;2018;;Zirmão 2;850;850;V;;358;;3;3;1;2;SIM;SIM;;;
Cazumba;2018;;Zirmão 2;851;851;V;;406;;2;2;1;2;SIM;SIM;;;
Cazumba;2018;;Zirmão 2;852;852;V;;44;;1;3;1;1;NÃO;NÃO;;;
Cazumba;2018;;Zirmão 2;853;853;V;;486;;3;2;1;2;SIM;SIM;;;
Cazumba;2018;;Zirmão 2;854;854;V;;438;;2;2;2;3;SIM;SIM;;;
Cazumba;2018;;Zirmão 2;855;855;V;;386;;2;2;1;3;SIM;SIM;;;
Cazumba;2018;;Zirmão 2;856;856;V;;243;;1;1;2;3;SIM;SIM;;;
Cazumba;2018;;Zirmão 2;857;857;V;;285;;1;2;1;4;SIM;SIM;;;
Cazumba;2018;;Zirmão 2;858;858;V;;434;;2;2;1;3;SIM;SIM;;;
Cazumba;2018;;Zirmão 2;859;859;V;;497;;2;3;3;2;SIM;SIM;;;
Cazumba;2018;;Zirmão 2;860;860;V;;363;;2;2;1;3;SIM;SIM;;;
Cazumba;2018;;Zirmão 2;861;861;V;;491;;2;2;1;3;SIM;SIM;;;
Cazumba;2018;;Zirmão 2;862;862;V;;547;;2;2;1;2;SIM;SIM;;;ocada
Cazumba;2018;;Zirmão 2;863;863;V;;336;;1;3;1;2;SIM;SIM;;;
Cazumba;2018;;Zirmão 2;864;864;V;;415;;2;2;1;3;SIM;SIM;;;
Cazumba;2018;;Zirmão 2;865;865;V;;438;;3;3;1;2;SIM;SIM;;;
Cazumba;2018;;Zirmão 2;866;866;V;;520;;2;2;1;3;SIM;SIM;;;ocada - POM 1,60  m
Cazumba;2018;;Zirmão 2;867;867;V;;515;;3;3;3;3;SIM;SIM;;;ocada - POM 2,50 m
Cazumba;2018;;Zirmão 2;868;868;V;;497;;2;2;1;1;SIM;SIM;;;
Cazumba;2018;;Zirmão 2;869;869;V;;297;;1;1;1;1;SIM;SIM;;;
Cazumba;2018;;Zirmão 2;870;870;V;;395;;3;2;1;3;SIM;SIM;;;
Cazumba;2018;;Zirmão 2;871;871;V;;377;;2;1;1;4;SIM;SIM;;;
Cazumba;2018;;Zirmão 2;872;872;V;;379;;1;2;1;1;SIM;SIM;;;
Cazumba;2018;;Zirmão 2;873;873;V;;307;;1;2;1;4;SIM;SIM;;;
Cazumba;2018;;Zirmão 2;874;874;V;;270;;2;2;1;3;SIM;SIM;;;
Cazumba;2018;;Zirmão 2;875;875;V;;418;;1;3;3;3;SIM;SIM;;;
Cazumba;2018;;Zirmão 2;876;876;V;;372;;3;3;2;1;SIM;SIM;;;
Cazumba;2018;;Zirmão 2;877;877;V;;261;;1;2;1;1;SIM;SIM;;;
Cazumba;2018;;Zirmão 2;878;878;V;;330;;1;2;3;2;SIM;SIM;;;
Cazumba;2018;;Zirmão 2;879;879;V;;297;;2;2;1;3;SIM;SIM;;;
Cazumba;2018;;Zirmão 2;880;880;V;;360;;2;1;3;4;SIM;SIM;;;
Cazumba;2018;;Zirmão 2;881;881;V;;159;;2;2;1;4;NÃO;NÃO;;;
Cazumba;2018;;Zirmão 2;882;882;V;;322;;1;2;1;1;SIM;SIM;;;
Cazumba;2018;;Zirmão 2;883;883;V;;326;;2;3;1;2;SIM;SIM;;;ocada - POM 1,90 m
Cazumba;2018;;Zirmão 2;884;884;V;;405;;2;2;1;1;SIM;SIM;;;
Cazumba;2018;;Zirmão 2;885;885;V;;476;;3;2;1;2;SIM;SIM;;;
Cazumba;2018;;Zirmão 2;886;886;V;;340;;2;3;1;3;SIM;SIM;;;
