"","Castanhal","n_arvore","n_do_ourico","n_de_sementes_por_fruto_ourico","Peso_total_das_sementes_dos_10.frutos_ouricos_Kg","UC","Ano"
"1","Zirmao",432,1,22,1624,"Cazumba",2018
"2","Zirmao",432,2,23,NA,"Cazumba",2018
"3","Zirmao",432,3,23,NA,"Cazumba",2018
"4","Zirmao",432,4,23,NA,"Cazumba",2018
"5","Zirmao",432,5,20,NA,"Cazumba",2018
"6","Zirmao",432,6,24,NA,"Cazumba",2018
"7","Zirmao",432,7,26,NA,"Cazumba",2018
"8","Zirmao",432,8,25,NA,"Cazumba",2018
"9","Zirmao",432,9,20,NA,"Cazumba",2018
"10","Zirmao",432,10,23,NA,"Cazumba",2018
"11","Zirmao",415,1,15,1934,"Cazumba",2018
"12","Zirmao",415,2,21,NA,"Cazumba",2018
"13","Zirmao",415,3,22,NA,"Cazumba",2018
"14","Zirmao",415,4,20,NA,"Cazumba",2018
"15","Zirmao",415,5,27,NA,"Cazumba",2018
"16","Zirmao",415,6,31,NA,"Cazumba",2018
"17","Zirmao",415,7,16,NA,"Cazumba",2018
"18","Zirmao",415,8,19,NA,"Cazumba",2018
"19","Zirmao",415,9,24,NA,"Cazumba",2018
"20","Zirmao",415,10,25,NA,"Cazumba",2018
"21","Zirmao",437,1,21,1444,"Cazumba",2018
"22","Zirmao",437,2,15,NA,"Cazumba",2018
"23","Zirmao",437,3,16,NA,"Cazumba",2018
"24","Zirmao",437,4,17,NA,"Cazumba",2018
"25","Zirmao",437,5,12,NA,"Cazumba",2018
"26","Zirmao",437,6,18,NA,"Cazumba",2018
"27","Zirmao",437,7,19,NA,"Cazumba",2018
"28","Zirmao",437,8,18,NA,"Cazumba",2018
"29","Zirmao",437,9,18,NA,"Cazumba",2018
"30","Zirmao",437,10,21,NA,"Cazumba",2018
"31","Zirmao",453,1,21,1500,"Cazumba",2018
"32","Zirmao",453,2,23,NA,"Cazumba",2018
"33","Zirmao",453,3,22,NA,"Cazumba",2018
"34","Zirmao",453,4,21,NA,"Cazumba",2018
"35","Zirmao",453,5,17,NA,"Cazumba",2018
"36","Zirmao",453,6,19,NA,"Cazumba",2018
"37","Zirmao",453,7,17,NA,"Cazumba",2018
"38","Zirmao",453,8,22,NA,"Cazumba",2018
"39","Zirmao",453,9,22,NA,"Cazumba",2018
"40","Zirmao",453,10,16,NA,"Cazumba",2018
"41","Zirmao",423,1,19,1446,"Cazumba",2018
"42","Zirmao",423,2,16,NA,"Cazumba",2018
"43","Zirmao",423,3,18,NA,"Cazumba",2018
"44","Zirmao",423,4,19,NA,"Cazumba",2018
"45","Zirmao",423,5,17,NA,"Cazumba",2018
"46","Zirmao",423,6,18,NA,"Cazumba",2018
"47","Zirmao",423,7,10,NA,"Cazumba",2018
"48","Zirmao",423,8,19,NA,"Cazumba",2018
"49","Zirmao",423,9,17,NA,"Cazumba",2018
"50","Zirmao",423,10,21,NA,"Cazumba",2018
"51","Coletivo",57,1,16,1668,"Cazumba",2018
"52","Coletivo",57,2,20,NA,"Cazumba",2018
"53","Coletivo",57,3,21,NA,"Cazumba",2018
"54","Coletivo",57,4,21,NA,"Cazumba",2018
"55","Coletivo",57,5,22,NA,"Cazumba",2018
"56","Coletivo",57,6,22,NA,"Cazumba",2018
"57","Coletivo",57,7,12,NA,"Cazumba",2018
"58","Coletivo",57,8,21,NA,"Cazumba",2018
"59","Coletivo",57,9,21,NA,"Cazumba",2018
"60","Coletivo",57,10,18,NA,"Cazumba",2018
"61","Coletivo",44,1,13,1490,"Cazumba",2018
"62","Coletivo",44,2,20,NA,"Cazumba",2018
"63","Coletivo",44,3,18,NA,"Cazumba",2018
"64","Coletivo",44,4,20,NA,"Cazumba",2018
"65","Coletivo",44,5,18,NA,"Cazumba",2018
"66","Coletivo",44,6,20,NA,"Cazumba",2018
"67","Coletivo",44,7,17,NA,"Cazumba",2018
"68","Coletivo",44,8,16,NA,"Cazumba",2018
"69","Coletivo",44,9,18,NA,"Cazumba",2018
"70","Coletivo",44,10,15,NA,"Cazumba",2018
"71","Coletivo",46,1,17,1490,"Cazumba",2018
"72","Coletivo",46,2,17,NA,"Cazumba",2018
"73","Coletivo",46,3,20,NA,"Cazumba",2018
"74","Coletivo",46,4,15,NA,"Cazumba",2018
"75","Coletivo",46,5,20,NA,"Cazumba",2018
"76","Coletivo",46,6,14,NA,"Cazumba",2018
"77","Coletivo",46,7,19,NA,"Cazumba",2018
"78","Coletivo",46,8,13,NA,"Cazumba",2018
"79","Coletivo",46,9,23,NA,"Cazumba",2018
"80","Coletivo",46,10,16,NA,"Cazumba",2018
"81","Coletivo",54,1,20,1384,"Cazumba",2018
"82","Coletivo",54,2,17,NA,"Cazumba",2018
"83","Coletivo",54,3,16,NA,"Cazumba",2018
"84","Coletivo",54,4,14,NA,"Cazumba",2018
"85","Coletivo",54,5,21,NA,"Cazumba",2018
"86","Coletivo",54,6,17,NA,"Cazumba",2018
"87","Coletivo",54,7,19,NA,"Cazumba",2018
"88","Coletivo",54,8,22,NA,"Cazumba",2018
"89","Coletivo",54,9,17,NA,"Cazumba",2018
"90","Coletivo",54,10,19,NA,"Cazumba",2018
"91","Coletivo",165,1,20,938,"Cazumba",2018
"92","Coletivo",165,2,15,NA,"Cazumba",2018
"93","Coletivo",165,3,19,NA,"Cazumba",2018
"94","Coletivo",165,4,9,NA,"Cazumba",2018
"95","Coletivo",165,5,10,NA,"Cazumba",2018
"96","Coletivo",165,6,19,NA,"Cazumba",2018
"97","Coletivo",165,7,9,NA,"Cazumba",2018
"98","Coletivo",165,8,8,NA,"Cazumba",2018
"99","Coletivo",165,9,15,NA,"Cazumba",2018
"100","Coletivo",165,10,15,NA,"Cazumba",2018
"101","Davi",327,1,22,2488,"Cazumba",2018
"102","Davi",327,2,17,NA,"Cazumba",2018
"103","Davi",327,3,18,NA,"Cazumba",2018
"104","Davi",327,4,18,NA,"Cazumba",2018
"105","Davi",327,5,25,NA,"Cazumba",2018
"106","Davi",327,6,25,NA,"Cazumba",2018
"107","Davi",327,7,21,NA,"Cazumba",2018
"108","Davi",327,8,23,NA,"Cazumba",2018
"109","Davi",327,9,23,NA,"Cazumba",2018
"110","Davi",327,10,20,NA,"Cazumba",2018
"111","Davi",322,1,19,1446,"Cazumba",2018
"112","Davi",322,2,16,NA,"Cazumba",2018
"113","Davi",322,3,20,NA,"Cazumba",2018
"114","Davi",322,4,17,NA,"Cazumba",2018
"115","Davi",322,5,14,NA,"Cazumba",2018
"116","Davi",322,6,17,NA,"Cazumba",2018
"117","Davi",322,7,21,NA,"Cazumba",2018
"118","Davi",322,8,20,NA,"Cazumba",2018
"119","Davi",322,9,23,NA,"Cazumba",2018
"120","Davi",322,10,22,NA,"Cazumba",2018
"121","Davi",285,1,20,1800,"Cazumba",2018
"122","Davi",285,2,17,NA,"Cazumba",2018
"123","Davi",285,3,17,NA,"Cazumba",2018
"124","Davi",285,4,22,NA,"Cazumba",2018
"125","Davi",285,5,21,NA,"Cazumba",2018
"126","Davi",285,6,20,NA,"Cazumba",2018
"127","Davi",285,7,18,NA,"Cazumba",2018
"128","Davi",285,8,19,NA,"Cazumba",2018
"129","Davi",285,9,25,NA,"Cazumba",2018
"130","Davi",285,10,21,NA,"Cazumba",2018
"131","Davi",312,1,19,1386,"Cazumba",2018
"132","Davi",312,2,23,NA,"Cazumba",2018
"133","Davi",312,3,17,NA,"Cazumba",2018
"134","Davi",312,4,17,NA,"Cazumba",2018
"135","Davi",312,5,21,NA,"Cazumba",2018
"136","Davi",312,6,15,NA,"Cazumba",2018
"137","Davi",312,7,21,NA,"Cazumba",2018
"138","Davi",312,8,19,NA,"Cazumba",2018
"139","Davi",312,9,17,NA,"Cazumba",2018
"140","Davi",312,10,17,NA,"Cazumba",2018
"141","Davi",361,1,17,1862,"Cazumba",2018
"142","Davi",361,2,19,NA,"Cazumba",2018
"143","Davi",361,3,19,NA,"Cazumba",2018
"144","Davi",361,4,32,NA,"Cazumba",2018
"145","Davi",361,5,17,NA,"Cazumba",2018
"146","Davi",361,6,17,NA,"Cazumba",2018
"147","Davi",361,7,20,NA,"Cazumba",2018
"148","Davi",361,8,22,NA,"Cazumba",2018
"149","Davi",361,9,20,NA,"Cazumba",2018
"150","Davi",361,10,20,NA,"Cazumba",2018
"151","Mariazinha",227,1,14,1106,"Cazumba",2018
"152","Mariazinha",227,2,10,NA,"Cazumba",2018
"153","Mariazinha",227,3,17,NA,"Cazumba",2018
"154","Mariazinha",227,4,14,NA,"Cazumba",2018
"155","Mariazinha",227,5,15,NA,"Cazumba",2018
"156","Mariazinha",227,6,16,NA,"Cazumba",2018
"157","Mariazinha",227,7,17,NA,"Cazumba",2018
"158","Mariazinha",227,8,18,NA,"Cazumba",2018
"159","Mariazinha",227,9,17,NA,"Cazumba",2018
"160","Mariazinha",227,10,20,NA,"Cazumba",2018
"161","Mariazinha",230,1,22,1944,"Cazumba",2018
"162","Mariazinha",230,2,20,NA,"Cazumba",2018
"163","Mariazinha",230,3,18,NA,"Cazumba",2018
"164","Mariazinha",230,4,18,NA,"Cazumba",2018
"165","Mariazinha",230,5,21,NA,"Cazumba",2018
"166","Mariazinha",230,6,19,NA,"Cazumba",2018
"167","Mariazinha",230,7,20,NA,"Cazumba",2018
"168","Mariazinha",230,8,15,NA,"Cazumba",2018
"169","Mariazinha",230,9,17,NA,"Cazumba",2018
"170","Mariazinha",230,10,16,NA,"Cazumba",2018
"171","Mariazinha",217,1,24,1976,"Cazumba",2018
"172","Mariazinha",217,2,23,NA,"Cazumba",2018
"173","Mariazinha",217,3,24,NA,"Cazumba",2018
"174","Mariazinha",217,4,19,NA,"Cazumba",2018
"175","Mariazinha",217,5,22,NA,"Cazumba",2018
"176","Mariazinha",217,6,20,NA,"Cazumba",2018
"177","Mariazinha",217,7,24,NA,"Cazumba",2018
"178","Mariazinha",217,8,21,NA,"Cazumba",2018
"179","Mariazinha",217,9,20,NA,"Cazumba",2018
"180","Mariazinha",217,10,22,NA,"Cazumba",2018
"181","Mariazinha",222,1,12,1964,"Cazumba",2018
"182","Mariazinha",222,2,19,NA,"Cazumba",2018
"183","Mariazinha",222,3,17,NA,"Cazumba",2018
"184","Mariazinha",222,4,12,NA,"Cazumba",2018
"185","Mariazinha",222,5,16,NA,"Cazumba",2018
"186","Mariazinha",222,6,21,NA,"Cazumba",2018
"187","Mariazinha",222,7,16,NA,"Cazumba",2018
"188","Mariazinha",222,8,20,NA,"Cazumba",2018
"189","Mariazinha",222,9,21,NA,"Cazumba",2018
"190","Mariazinha",222,10,18,NA,"Cazumba",2018
"191","Mariazinha",246,1,19,1904,"Cazumba",2018
"192","Mariazinha",246,2,20,NA,"Cazumba",2018
"193","Mariazinha",246,3,20,NA,"Cazumba",2018
"194","Mariazinha",246,4,16,NA,"Cazumba",2018
"195","Mariazinha",246,5,18,NA,"Cazumba",2018
"196","Mariazinha",246,6,18,NA,"Cazumba",2018
"197","Mariazinha",246,7,21,NA,"Cazumba",2018
"198","Mariazinha",246,8,20,NA,"Cazumba",2018
"199","Mariazinha",246,9,17,NA,"Cazumba",2018
"200","Mariazinha",246,10,17,NA,"Cazumba",2018
"201","Zirmao",432,1,24,1675,"Cazumba",2019
"202","Zirmao",432,2,21,NA,"Cazumba",2019
"203","Zirmao",432,3,25,NA,"Cazumba",2019
"204","Zirmao",432,4,22,NA,"Cazumba",2019
"205","Zirmao",432,5,23,NA,"Cazumba",2019
"206","Zirmao",432,6,19,NA,"Cazumba",2019
"207","Zirmao",432,7,20,NA,"Cazumba",2019
"208","Zirmao",432,8,19,NA,"Cazumba",2019
"209","Zirmao",432,9,24,NA,"Cazumba",2019
"210","Zirmao",432,10,14,NA,"Cazumba",2019
"211","Zirmao",415,1,25,1915,"Cazumba",2019
"212","Zirmao",415,2,24,NA,"Cazumba",2019
"213","Zirmao",415,3,19,NA,"Cazumba",2019
"214","Zirmao",415,4,19,NA,"Cazumba",2019
"215","Zirmao",415,5,22,NA,"Cazumba",2019
"216","Zirmao",415,6,23,NA,"Cazumba",2019
"217","Zirmao",415,7,19,NA,"Cazumba",2019
"218","Zirmao",415,8,15,NA,"Cazumba",2019
"219","Zirmao",415,9,23,NA,"Cazumba",2019
"220","Zirmao",415,10,19,NA,"Cazumba",2019
"221","Zirmao",437,1,19,1625,"Cazumba",2019
"222","Zirmao",437,2,17,NA,"Cazumba",2019
"223","Zirmao",437,3,17,NA,"Cazumba",2019
"224","Zirmao",437,4,17,NA,"Cazumba",2019
"225","Zirmao",437,5,18,NA,"Cazumba",2019
"226","Zirmao",437,6,18,NA,"Cazumba",2019
"227","Zirmao",437,7,22,NA,"Cazumba",2019
"228","Zirmao",437,8,16,NA,"Cazumba",2019
"229","Zirmao",437,9,20,NA,"Cazumba",2019
"230","Zirmao",437,10,19,NA,"Cazumba",2019
"231","Zirmao",453,1,23,2145,"Cazumba",2019
"232","Zirmao",453,2,25,NA,"Cazumba",2019
"233","Zirmao",453,3,19,NA,"Cazumba",2019
"234","Zirmao",453,4,22,NA,"Cazumba",2019
"235","Zirmao",453,5,20,NA,"Cazumba",2019
"236","Zirmao",453,6,23,NA,"Cazumba",2019
"237","Zirmao",453,7,18,NA,"Cazumba",2019
"238","Zirmao",453,8,20,NA,"Cazumba",2019
"239","Zirmao",453,9,18,NA,"Cazumba",2019
"240","Zirmao",453,10,20,NA,"Cazumba",2019
"241","Zirmao",423,1,18,1600,"Cazumba",2019
"242","Zirmao",423,2,17,NA,"Cazumba",2019
"243","Zirmao",423,3,18,NA,"Cazumba",2019
"244","Zirmao",423,4,18,NA,"Cazumba",2019
"245","Zirmao",423,5,18,NA,"Cazumba",2019
"246","Zirmao",423,6,20,NA,"Cazumba",2019
"247","Zirmao",423,7,23,NA,"Cazumba",2019
"248","Zirmao",423,8,17,NA,"Cazumba",2019
"249","Zirmao",423,9,19,NA,"Cazumba",2019
"250","Zirmao",423,10,17,NA,"Cazumba",2019
"251","Coletivo",57,1,16,1420,"Cazumba",2019
"252","Coletivo",57,2,16,NA,"Cazumba",2019
"253","Coletivo",57,3,16,NA,"Cazumba",2019
"254","Coletivo",57,4,15,NA,"Cazumba",2019
"255","Coletivo",57,5,19,NA,"Cazumba",2019
"256","Coletivo",57,6,16,NA,"Cazumba",2019
"257","Coletivo",57,7,14,NA,"Cazumba",2019
"258","Coletivo",57,8,20,NA,"Cazumba",2019
"259","Coletivo",57,9,21,NA,"Cazumba",2019
"260","Coletivo",57,10,22,NA,"Cazumba",2019
"261","Coletivo",44,1,23,2169,"Cazumba",2019
"262","Coletivo",44,2,18,NA,"Cazumba",2019
"263","Coletivo",44,3,27,NA,"Cazumba",2019
"264","Coletivo",44,4,19,NA,"Cazumba",2019
"265","Coletivo",44,5,18,NA,"Cazumba",2019
"266","Coletivo",44,6,15,NA,"Cazumba",2019
"267","Coletivo",44,7,27,NA,"Cazumba",2019
"268","Coletivo",44,8,24,NA,"Cazumba",2019
"269","Coletivo",44,9,24,NA,"Cazumba",2019
"270","Coletivo",44,10,22,NA,"Cazumba",2019
"271","Coletivo",46,1,7,1403,"Cazumba",2019
"272","Coletivo",46,2,23,NA,"Cazumba",2019
"273","Coletivo",46,3,25,NA,"Cazumba",2019
"274","Coletivo",46,4,15,NA,"Cazumba",2019
"275","Coletivo",46,5,23,NA,"Cazumba",2019
"276","Coletivo",46,6,17,NA,"Cazumba",2019
"277","Coletivo",46,7,10,NA,"Cazumba",2019
"278","Coletivo",46,8,22,NA,"Cazumba",2019
"279","Coletivo",46,9,16,NA,"Cazumba",2019
"280","Coletivo",46,10,17,NA,"Cazumba",2019
"281","Coletivo",54,1,24,1221,"Cazumba",2019
"282","Coletivo",54,2,21,NA,"Cazumba",2019
"283","Coletivo",54,3,19,NA,"Cazumba",2019
"284","Coletivo",54,4,15,NA,"Cazumba",2019
"285","Coletivo",54,5,13,NA,"Cazumba",2019
"286","Coletivo",54,6,20,NA,"Cazumba",2019
"287","Coletivo",54,7,16,NA,"Cazumba",2019
"288","Coletivo",54,8,18,NA,"Cazumba",2019
"289","Coletivo",54,9,20,NA,"Cazumba",2019
"290","Coletivo",54,10,21,NA,"Cazumba",2019
"291","Coletivo",165,1,0,0,"Cazumba",2019
"292","Coletivo",165,2,0,NA,"Cazumba",2019
"293","Coletivo",165,3,0,NA,"Cazumba",2019
"294","Coletivo",165,4,0,NA,"Cazumba",2019
"295","Coletivo",165,5,0,NA,"Cazumba",2019
"296","Coletivo",165,6,0,NA,"Cazumba",2019
"297","Coletivo",165,7,0,NA,"Cazumba",2019
"298","Coletivo",165,8,0,NA,"Cazumba",2019
"299","Coletivo",165,9,0,NA,"Cazumba",2019
"300","Coletivo",165,10,0,NA,"Cazumba",2019
"301","Davi",327,1,15,2200,"Cazumba",2019
"302","Davi",327,2,20,NA,"Cazumba",2019
"303","Davi",327,3,17,NA,"Cazumba",2019
"304","Davi",327,4,18,NA,"Cazumba",2019
"305","Davi",327,5,19,NA,"Cazumba",2019
"306","Davi",327,6,15,NA,"Cazumba",2019
"307","Davi",327,7,22,NA,"Cazumba",2019
"308","Davi",327,8,17,NA,"Cazumba",2019
"309","Davi",327,9,16,NA,"Cazumba",2019
"310","Davi",327,10,17,NA,"Cazumba",2019
"311","Davi",322,1,14,1400,"Cazumba",2019
"312","Davi",322,2,19,NA,"Cazumba",2019
"313","Davi",322,3,22,NA,"Cazumba",2019
"314","Davi",322,4,16,NA,"Cazumba",2019
"315","Davi",322,5,18,NA,"Cazumba",2019
"316","Davi",322,6,17,NA,"Cazumba",2019
"317","Davi",322,7,17,NA,"Cazumba",2019
"318","Davi",322,8,19,NA,"Cazumba",2019
"319","Davi",322,9,20,NA,"Cazumba",2019
"320","Davi",322,10,20,NA,"Cazumba",2019
"321","Davi",NA,1,22,2000,"Cazumba",2019
"322","Davi",NA,2,21,NA,"Cazumba",2019
"323","Davi",NA,3,20,NA,"Cazumba",2019
"324","Davi",NA,4,19,NA,"Cazumba",2019
"325","Davi",NA,5,18,NA,"Cazumba",2019
"326","Davi",NA,6,21,NA,"Cazumba",2019
"327","Davi",NA,7,22,NA,"Cazumba",2019
"328","Davi",NA,8,23,NA,"Cazumba",2019
"329","Davi",NA,9,19,NA,"Cazumba",2019
"330","Davi",NA,10,17,NA,"Cazumba",2019
"331","Davi",312,1,20,1600,"Cazumba",2019
"332","Davi",312,2,17,NA,"Cazumba",2019
"333","Davi",312,3,19,NA,"Cazumba",2019
"334","Davi",312,4,14,NA,"Cazumba",2019
"335","Davi",312,5,19,NA,"Cazumba",2019
"336","Davi",312,6,15,NA,"Cazumba",2019
"337","Davi",312,7,19,NA,"Cazumba",2019
"338","Davi",312,8,18,NA,"Cazumba",2019
"339","Davi",312,9,16,NA,"Cazumba",2019
"340","Davi",312,10,19,NA,"Cazumba",2019
"341","Davi",361,1,21,1800,"Cazumba",2019
"342","Davi",361,2,20,NA,"Cazumba",2019
"343","Davi",361,3,16,NA,"Cazumba",2019
"344","Davi",361,4,17,NA,"Cazumba",2019
"345","Davi",361,5,16,NA,"Cazumba",2019
"346","Davi",361,6,15,NA,"Cazumba",2019
"347","Davi",361,7,20,NA,"Cazumba",2019
"348","Davi",361,8,20,NA,"Cazumba",2019
"349","Davi",361,9,19,NA,"Cazumba",2019
"350","Davi",361,10,16,NA,"Cazumba",2019
"351","Mariazinha",227,1,16,1570,"Cazumba",2019
"352","Mariazinha",227,2,19,NA,"Cazumba",2019
"353","Mariazinha",227,3,14,NA,"Cazumba",2019
"354","Mariazinha",227,4,15,NA,"Cazumba",2019
"355","Mariazinha",227,5,19,NA,"Cazumba",2019
"356","Mariazinha",227,6,23,NA,"Cazumba",2019
"357","Mariazinha",227,7,16,NA,"Cazumba",2019
"358","Mariazinha",227,8,17,NA,"Cazumba",2019
"359","Mariazinha",227,9,10,NA,"Cazumba",2019
"360","Mariazinha",227,10,18,NA,"Cazumba",2019
"361","Mariazinha",230,1,17,1965,"Cazumba",2019
"362","Mariazinha",230,2,20,NA,"Cazumba",2019
"363","Mariazinha",230,3,14,NA,"Cazumba",2019
"364","Mariazinha",230,4,19,NA,"Cazumba",2019
"365","Mariazinha",230,5,16,NA,"Cazumba",2019
"366","Mariazinha",230,6,18,NA,"Cazumba",2019
"367","Mariazinha",230,7,18,NA,"Cazumba",2019
"368","Mariazinha",230,8,16,NA,"Cazumba",2019
"369","Mariazinha",230,9,18,NA,"Cazumba",2019
"370","Mariazinha",230,10,15,NA,"Cazumba",2019
"371","Mariazinha",217,1,23,2130,"Cazumba",2019
"372","Mariazinha",217,2,26,NA,"Cazumba",2019
"373","Mariazinha",217,3,22,NA,"Cazumba",2019
"374","Mariazinha",217,4,21,NA,"Cazumba",2019
"375","Mariazinha",217,5,22,NA,"Cazumba",2019
"376","Mariazinha",217,6,23,NA,"Cazumba",2019
"377","Mariazinha",217,7,22,NA,"Cazumba",2019
"378","Mariazinha",217,8,25,NA,"Cazumba",2019
"379","Mariazinha",217,9,24,NA,"Cazumba",2019
"380","Mariazinha",217,10,19,NA,"Cazumba",2019
"381","Mariazinha",222,1,13,1850,"Cazumba",2019
"382","Mariazinha",222,2,16,NA,"Cazumba",2019
"383","Mariazinha",222,3,15,NA,"Cazumba",2019
"384","Mariazinha",222,4,17,NA,"Cazumba",2019
"385","Mariazinha",222,5,21,NA,"Cazumba",2019
"386","Mariazinha",222,6,14,NA,"Cazumba",2019
"387","Mariazinha",222,7,15,NA,"Cazumba",2019
"388","Mariazinha",222,8,17,NA,"Cazumba",2019
"389","Mariazinha",222,9,14,NA,"Cazumba",2019
"390","Mariazinha",222,10,12,NA,"Cazumba",2019
"391","Mariazinha",246,1,13,1970,"Cazumba",2019
"392","Mariazinha",246,2,15,NA,"Cazumba",2019
"393","Mariazinha",246,3,16,NA,"Cazumba",2019
"394","Mariazinha",246,4,17,NA,"Cazumba",2019
"395","Mariazinha",246,5,16,NA,"Cazumba",2019
"396","Mariazinha",246,6,15,NA,"Cazumba",2019
"397","Mariazinha",246,7,16,NA,"Cazumba",2019
"398","Mariazinha",246,8,15,NA,"Cazumba",2019
"399","Mariazinha",246,9,19,NA,"Cazumba",2019
"400","Mariazinha",246,10,18,NA,"Cazumba",2019
"401","Zequinha",673,1,0,0,"Cazumba",2019
"402","Zequinha",673,2,0,NA,"Cazumba",2019
"403","Zequinha",673,3,0,NA,"Cazumba",2019
"404","Zequinha",673,4,0,NA,"Cazumba",2019
"405","Zequinha",673,5,0,NA,"Cazumba",2019
"406","Zequinha",673,6,0,NA,"Cazumba",2019
"407","Zequinha",673,7,0,NA,"Cazumba",2019
"408","Zequinha",673,8,0,NA,"Cazumba",2019
"409","Zequinha",673,9,0,NA,"Cazumba",2019
"410","Zequinha",673,10,0,NA,"Cazumba",2019
"411","Zequinha",683,1,14,1753,"Cazumba",2019
"412","Zequinha",683,2,16,NA,"Cazumba",2019
"413","Zequinha",683,3,18,NA,"Cazumba",2019
"414","Zequinha",683,4,16,NA,"Cazumba",2019
"415","Zequinha",683,5,18,NA,"Cazumba",2019
"416","Zequinha",683,6,20,NA,"Cazumba",2019
"417","Zequinha",683,7,17,NA,"Cazumba",2019
"418","Zequinha",683,8,17,NA,"Cazumba",2019
"419","Zequinha",683,9,17,NA,"Cazumba",2019
"420","Zequinha",683,10,19,NA,"Cazumba",2019
"421","Zequinha",714,1,14,1750,"Cazumba",2019
"422","Zequinha",714,2,13,NA,"Cazumba",2019
"423","Zequinha",714,3,18,NA,"Cazumba",2019
"424","Zequinha",714,4,15,NA,"Cazumba",2019
"425","Zequinha",714,5,17,NA,"Cazumba",2019
"426","Zequinha",714,6,20,NA,"Cazumba",2019
"427","Zequinha",714,7,18,NA,"Cazumba",2019
"428","Zequinha",714,8,16,NA,"Cazumba",2019
"429","Zequinha",714,9,15,NA,"Cazumba",2019
"430","Zequinha",714,10,18,NA,"Cazumba",2019
"431","Zequinha",729,1,15,1750,"Cazumba",2019
"432","Zequinha",729,2,17,NA,"Cazumba",2019
"433","Zequinha",729,3,21,NA,"Cazumba",2019
"434","Zequinha",729,4,19,NA,"Cazumba",2019
"435","Zequinha",729,5,19,NA,"Cazumba",2019
"436","Zequinha",729,6,19,NA,"Cazumba",2019
"437","Zequinha",729,7,19,NA,"Cazumba",2019
"438","Zequinha",729,8,11,NA,"Cazumba",2019
"439","Zequinha",729,9,18,NA,"Cazumba",2019
"440","Zequinha",729,10,17,NA,"Cazumba",2019
"441","Zequinha",764,1,21,1750,"Cazumba",2019
"442","Zequinha",764,2,17,NA,"Cazumba",2019
"443","Zequinha",764,3,23,NA,"Cazumba",2019
"444","Zequinha",764,4,19,NA,"Cazumba",2019
"445","Zequinha",764,5,18,NA,"Cazumba",2019
"446","Zequinha",764,6,19,NA,"Cazumba",2019
"447","Zequinha",764,7,17,NA,"Cazumba",2019
"448","Zequinha",764,8,20,NA,"Cazumba",2019
"449","Zequinha",764,9,17,NA,"Cazumba",2019
"450","Zequinha",764,10,20,NA,"Cazumba",2019
"451","Zirmao 2",783,1,20,1085,"Cazumba",2019
"452","Zirmao 2",783,2,20,NA,"Cazumba",2019
"453","Zirmao 2",783,3,20,NA,"Cazumba",2019
"454","Zirmao 2",783,4,17,NA,"Cazumba",2019
"455","Zirmao 2",783,5,15,NA,"Cazumba",2019
"456","Zirmao 2",783,6,20,NA,"Cazumba",2019
"457","Zirmao 2",783,7,19,NA,"Cazumba",2019
"458","Zirmao 2",783,8,15,NA,"Cazumba",2019
"459","Zirmao 2",783,9,18,NA,"Cazumba",2019
"460","Zirmao 2",783,10,19,NA,"Cazumba",2019
"461","Zirmao 2",798,1,21,2040,"Cazumba",2019
"462","Zirmao 2",798,2,18,NA,"Cazumba",2019
"463","Zirmao 2",798,3,23,NA,"Cazumba",2019
"464","Zirmao 2",798,4,21,NA,"Cazumba",2019
"465","Zirmao 2",798,5,23,NA,"Cazumba",2019
"466","Zirmao 2",798,6,17,NA,"Cazumba",2019
"467","Zirmao 2",798,7,21,NA,"Cazumba",2019
"468","Zirmao 2",798,8,23,NA,"Cazumba",2019
"469","Zirmao 2",798,9,18,NA,"Cazumba",2019
"470","Zirmao 2",798,10,19,NA,"Cazumba",2019
"471","Zirmao 2",817,1,21,2135,"Cazumba",2019
"472","Zirmao 2",817,2,14,NA,"Cazumba",2019
"473","Zirmao 2",817,3,14,NA,"Cazumba",2019
"474","Zirmao 2",817,4,17,NA,"Cazumba",2019
"475","Zirmao 2",817,5,18,NA,"Cazumba",2019
"476","Zirmao 2",817,6,20,NA,"Cazumba",2019
"477","Zirmao 2",817,7,23,NA,"Cazumba",2019
"478","Zirmao 2",817,8,21,NA,"Cazumba",2019
"479","Zirmao 2",817,9,22,NA,"Cazumba",2019
"480","Zirmao 2",817,10,12,NA,"Cazumba",2019
"481","Zirmao 2",828,1,19,1655,"Cazumba",2019
"482","Zirmao 2",828,2,17,NA,"Cazumba",2019
"483","Zirmao 2",828,3,20,NA,"Cazumba",2019
"484","Zirmao 2",828,4,26,NA,"Cazumba",2019
"485","Zirmao 2",828,5,23,NA,"Cazumba",2019
"486","Zirmao 2",828,6,20,NA,"Cazumba",2019
"487","Zirmao 2",828,7,20,NA,"Cazumba",2019
"488","Zirmao 2",828,8,22,NA,"Cazumba",2019
"489","Zirmao 2",828,9,21,NA,"Cazumba",2019
"490","Zirmao 2",828,10,22,NA,"Cazumba",2019
"491","Zirmao 2",843,1,14,1450,"Cazumba",2019
"492","Zirmao 2",843,2,17,NA,"Cazumba",2019
"493","Zirmao 2",843,3,13,NA,"Cazumba",2019
"494","Zirmao 2",843,4,13,NA,"Cazumba",2019
"495","Zirmao 2",843,5,16,NA,"Cazumba",2019
"496","Zirmao 2",843,6,11,NA,"Cazumba",2019
"497","Zirmao 2",843,7,14,NA,"Cazumba",2019
"498","Zirmao 2",843,8,13,NA,"Cazumba",2019
"499","Zirmao 2",843,9,17,NA,"Cazumba",2019
"500","Zirmao 2",843,10,17,NA,"Cazumba",2019
"501","Irmaos Gamas",568,1,20,1500,"Cazumba",2019
"502","Irmaos Gamas",568,2,17,NA,"Cazumba",2019
"503","Irmaos Gamas",568,3,16,NA,"Cazumba",2019
"504","Irmaos Gamas",568,4,19,NA,"Cazumba",2019
"505","Irmaos Gamas",568,5,20,NA,"Cazumba",2019
"506","Irmaos Gamas",568,6,19,NA,"Cazumba",2019
"507","Irmaos Gamas",568,7,14,NA,"Cazumba",2019
"508","Irmaos Gamas",568,8,19,NA,"Cazumba",2019
"509","Irmaos Gamas",568,9,23,NA,"Cazumba",2019
"510","Irmaos Gamas",568,10,17,NA,"Cazumba",2019
"511","Irmaos Gamas",573,1,22,1250,"Cazumba",2019
"512","Irmaos Gamas",573,2,24,NA,"Cazumba",2019
"513","Irmaos Gamas",573,3,18,NA,"Cazumba",2019
"514","Irmaos Gamas",573,4,21,NA,"Cazumba",2019
"515","Irmaos Gamas",573,5,23,NA,"Cazumba",2019
"516","Irmaos Gamas",573,6,21,NA,"Cazumba",2019
"517","Irmaos Gamas",573,7,21,NA,"Cazumba",2019
"518","Irmaos Gamas",573,8,22,NA,"Cazumba",2019
"519","Irmaos Gamas",573,9,26,NA,"Cazumba",2019
"520","Irmaos Gamas",573,10,10,NA,"Cazumba",2019
"521","Irmaos Gamas",581,1,21,2000,"Cazumba",2019
"522","Irmaos Gamas",581,2,25,NA,"Cazumba",2019
"523","Irmaos Gamas",581,3,26,NA,"Cazumba",2019
"524","Irmaos Gamas",581,4,26,NA,"Cazumba",2019
"525","Irmaos Gamas",581,5,23,NA,"Cazumba",2019
"526","Irmaos Gamas",581,6,19,NA,"Cazumba",2019
"527","Irmaos Gamas",581,7,24,NA,"Cazumba",2019
"528","Irmaos Gamas",581,8,27,NA,"Cazumba",2019
"529","Irmaos Gamas",581,9,23,NA,"Cazumba",2019
"530","Irmaos Gamas",581,10,30,NA,"Cazumba",2019
"531","Irmaos Gamas",582,1,15,1250,"Cazumba",2019
"532","Irmaos Gamas",582,2,22,NA,"Cazumba",2019
"533","Irmaos Gamas",582,3,14,NA,"Cazumba",2019
"534","Irmaos Gamas",582,4,20,NA,"Cazumba",2019
"535","Irmaos Gamas",582,5,16,NA,"Cazumba",2019
"536","Irmaos Gamas",582,6,18,NA,"Cazumba",2019
"537","Irmaos Gamas",582,7,15,NA,"Cazumba",2019
"538","Irmaos Gamas",582,8,15,NA,"Cazumba",2019
"539","Irmaos Gamas",582,9,12,NA,"Cazumba",2019
"540","Irmaos Gamas",582,10,20,NA,"Cazumba",2019
"541","Irmaos Gamas",587,1,12,1500,"Cazumba",2019
"542","Irmaos Gamas",587,2,20,NA,"Cazumba",2019
"543","Irmaos Gamas",587,3,20,NA,"Cazumba",2019
"544","Irmaos Gamas",587,4,19,NA,"Cazumba",2019
"545","Irmaos Gamas",587,5,22,NA,"Cazumba",2019
"546","Irmaos Gamas",587,6,19,NA,"Cazumba",2019
"547","Irmaos Gamas",587,7,23,NA,"Cazumba",2019
"548","Irmaos Gamas",587,8,19,NA,"Cazumba",2019
"549","Irmaos Gamas",587,9,16,NA,"Cazumba",2019
"550","Irmaos Gamas",587,10,19,NA,"Cazumba",2019
"551","Dimar",590,1,17,1025,"Cazumba",2019
"552","Dimar",590,2,16,NA,"Cazumba",2019
"553","Dimar",590,3,17,NA,"Cazumba",2019
"554","Dimar",590,4,19,NA,"Cazumba",2019
"555","Dimar",590,5,20,NA,"Cazumba",2019
"556","Dimar",590,6,20,NA,"Cazumba",2019
"557","Dimar",590,7,21,NA,"Cazumba",2019
"558","Dimar",590,8,20,NA,"Cazumba",2019
"559","Dimar",590,9,19,NA,"Cazumba",2019
"560","Dimar",590,10,20,NA,"Cazumba",2019
"561","Dimar",591,1,19,1475,"Cazumba",2019
"562","Dimar",591,2,16,NA,"Cazumba",2019
"563","Dimar",591,3,16,NA,"Cazumba",2019
"564","Dimar",591,4,20,NA,"Cazumba",2019
"565","Dimar",591,5,19,NA,"Cazumba",2019
"566","Dimar",591,6,22,NA,"Cazumba",2019
"567","Dimar",591,7,17,NA,"Cazumba",2019
"568","Dimar",591,8,21,NA,"Cazumba",2019
"569","Dimar",591,9,21,NA,"Cazumba",2019
"570","Dimar",591,10,18,NA,"Cazumba",2019
"571","Dimar",598,1,21,1750,"Cazumba",2019
"572","Dimar",598,2,21,NA,"Cazumba",2019
"573","Dimar",598,3,20,NA,"Cazumba",2019
"574","Dimar",598,4,18,NA,"Cazumba",2019
"575","Dimar",598,5,19,NA,"Cazumba",2019
"576","Dimar",598,6,19,NA,"Cazumba",2019
"577","Dimar",598,7,23,NA,"Cazumba",2019
"578","Dimar",598,8,17,NA,"Cazumba",2019
"579","Dimar",598,9,20,NA,"Cazumba",2019
"580","Dimar",598,10,21,NA,"Cazumba",2019
"581","Dimar",595,1,18,1850,"Cazumba",2019
"582","Dimar",595,2,17,NA,"Cazumba",2019
"583","Dimar",595,3,23,NA,"Cazumba",2019
"584","Dimar",595,4,17,NA,"Cazumba",2019
"585","Dimar",595,5,25,NA,"Cazumba",2019
"586","Dimar",595,6,19,NA,"Cazumba",2019
"587","Dimar",595,7,22,NA,"Cazumba",2019
"588","Dimar",595,8,17,NA,"Cazumba",2019
"589","Dimar",595,9,20,NA,"Cazumba",2019
"590","Dimar",595,10,18,NA,"Cazumba",2019
"591","Dimar",596,1,22,2050,"Cazumba",2019
"592","Dimar",596,2,22,NA,"Cazumba",2019
"593","Dimar",596,3,22,NA,"Cazumba",2019
"594","Dimar",596,4,24,NA,"Cazumba",2019
"595","Dimar",596,5,25,NA,"Cazumba",2019
"596","Dimar",596,6,24,NA,"Cazumba",2019
"597","Dimar",596,7,22,NA,"Cazumba",2019
"598","Dimar",596,8,22,NA,"Cazumba",2019
"599","Dimar",596,9,24,NA,"Cazumba",2019
"600","Dimar",596,10,18,NA,"Cazumba",2019
"601","Marizan",600,1,26,1750,"Cazumba",2019
"602","Marizan",600,2,26,NA,"Cazumba",2019
"603","Marizan",600,3,30,NA,"Cazumba",2019
"604","Marizan",600,4,25,NA,"Cazumba",2019
"605","Marizan",600,5,24,NA,"Cazumba",2019
"606","Marizan",600,6,24,NA,"Cazumba",2019
"607","Marizan",600,7,25,NA,"Cazumba",2019
"608","Marizan",600,8,25,NA,"Cazumba",2019
"609","Marizan",600,9,24,NA,"Cazumba",2019
"610","Marizan",600,10,24,NA,"Cazumba",2019
"611","Marizan",601,1,19,1700,"Cazumba",2019
"612","Marizan",601,2,21,NA,"Cazumba",2019
"613","Marizan",601,3,19,NA,"Cazumba",2019
"614","Marizan",601,4,20,NA,"Cazumba",2019
"615","Marizan",601,5,19,NA,"Cazumba",2019
"616","Marizan",601,6,20,NA,"Cazumba",2019
"617","Marizan",601,7,19,NA,"Cazumba",2019
"618","Marizan",601,8,20,NA,"Cazumba",2019
"619","Marizan",601,9,18,NA,"Cazumba",2019
"620","Marizan",601,10,20,NA,"Cazumba",2019
"621","Marizan",603,1,22,2700,"Cazumba",2019
"622","Marizan",603,2,24,NA,"Cazumba",2019
"623","Marizan",603,3,20,NA,"Cazumba",2019
"624","Marizan",603,4,27,NA,"Cazumba",2019
"625","Marizan",603,5,21,NA,"Cazumba",2019
"626","Marizan",603,6,19,NA,"Cazumba",2019
"627","Marizan",603,7,23,NA,"Cazumba",2019
"628","Marizan",603,8,27,NA,"Cazumba",2019
"629","Marizan",603,9,28,NA,"Cazumba",2019
"630","Marizan",603,10,24,NA,"Cazumba",2019
"631","Marizan",606,1,22,1600,"Cazumba",2019
"632","Marizan",606,2,14,NA,"Cazumba",2019
"633","Marizan",606,3,20,NA,"Cazumba",2019
"634","Marizan",606,4,16,NA,"Cazumba",2019
"635","Marizan",606,5,19,NA,"Cazumba",2019
"636","Marizan",606,6,21,NA,"Cazumba",2019
"637","Marizan",606,7,19,NA,"Cazumba",2019
"638","Marizan",606,8,21,NA,"Cazumba",2019
"639","Marizan",606,9,19,NA,"Cazumba",2019
"640","Marizan",606,10,15,NA,"Cazumba",2019
"641","Marizan",609,1,20,1125,"Cazumba",2019
"642","Marizan",609,2,16,NA,"Cazumba",2019
"643","Marizan",609,3,19,NA,"Cazumba",2019
"644","Marizan",609,4,22,NA,"Cazumba",2019
"645","Marizan",609,5,21,NA,"Cazumba",2019
"646","Marizan",609,6,21,NA,"Cazumba",2019
"647","Marizan",609,7,20,NA,"Cazumba",2019
"648","Marizan",609,8,22,NA,"Cazumba",2019
"649","Marizan",609,9,14,NA,"Cazumba",2019
"650","Marizan",609,10,20,NA,"Cazumba",2019
"651","Zirmao",432,1,21,1645,"Cazumba",2020
"652","Zirmao",432,2,24,NA,"Cazumba",2020
"653","Zirmao",432,3,23,NA,"Cazumba",2020
"654","Zirmao",432,4,23,NA,"Cazumba",2020
"655","Zirmao",432,5,26,NA,"Cazumba",2020
"656","Zirmao",432,6,25,NA,"Cazumba",2020
"657","Zirmao",432,7,17,NA,"Cazumba",2020
"658","Zirmao",432,8,23,NA,"Cazumba",2020
"659","Zirmao",432,9,26,NA,"Cazumba",2020
"660","Zirmao",432,10,21,NA,"Cazumba",2020
"661","Zirmao",415,1,26,2315,"Cazumba",2020
"662","Zirmao",415,2,24,NA,"Cazumba",2020
"663","Zirmao",415,3,24,NA,"Cazumba",2020
"664","Zirmao",415,4,21,NA,"Cazumba",2020
"665","Zirmao",415,5,27,NA,"Cazumba",2020
"666","Zirmao",415,6,25,NA,"Cazumba",2020
"667","Zirmao",415,7,27,NA,"Cazumba",2020
"668","Zirmao",415,8,22,NA,"Cazumba",2020
"669","Zirmao",415,9,24,NA,"Cazumba",2020
"670","Zirmao",415,10,27,NA,"Cazumba",2020
"671","Zirmao",437,1,20,1655,"Cazumba",2020
"672","Zirmao",437,2,19,NA,"Cazumba",2020
"673","Zirmao",437,3,17,NA,"Cazumba",2020
"674","Zirmao",437,4,24,NA,"Cazumba",2020
"675","Zirmao",437,5,17,NA,"Cazumba",2020
"676","Zirmao",437,6,23,NA,"Cazumba",2020
"677","Zirmao",437,7,20,NA,"Cazumba",2020
"678","Zirmao",437,8,20,NA,"Cazumba",2020
"679","Zirmao",437,9,19,NA,"Cazumba",2020
"680","Zirmao",437,10,20,NA,"Cazumba",2020
"681","Zirmao",453,1,22,2150,"Cazumba",2020
"682","Zirmao",453,2,22,NA,"Cazumba",2020
"683","Zirmao",453,3,21,NA,"Cazumba",2020
"684","Zirmao",453,4,18,NA,"Cazumba",2020
"685","Zirmao",453,5,22,NA,"Cazumba",2020
"686","Zirmao",453,6,21,NA,"Cazumba",2020
"687","Zirmao",453,7,24,NA,"Cazumba",2020
"688","Zirmao",453,8,21,NA,"Cazumba",2020
"689","Zirmao",453,9,22,NA,"Cazumba",2020
"690","Zirmao",453,10,22,NA,"Cazumba",2020
"691","Zirmao",423,1,18,1335,"Cazumba",2020
"692","Zirmao",423,2,16,NA,"Cazumba",2020
"693","Zirmao",423,3,13,NA,"Cazumba",2020
"694","Zirmao",423,4,17,NA,"Cazumba",2020
"695","Zirmao",423,5,15,NA,"Cazumba",2020
"696","Zirmao",423,6,15,NA,"Cazumba",2020
"697","Zirmao",423,7,16,NA,"Cazumba",2020
"698","Zirmao",423,8,22,NA,"Cazumba",2020
"699","Zirmao",423,9,14,NA,"Cazumba",2020
"700","Zirmao",423,10,18,NA,"Cazumba",2020
"701","Coletivo",57,1,19,1159,"Cazumba",2020
"702","Coletivo",57,2,17,NA,"Cazumba",2020
"703","Coletivo",57,3,13,NA,"Cazumba",2020
"704","Coletivo",57,4,13,NA,"Cazumba",2020
"705","Coletivo",57,5,15,NA,"Cazumba",2020
"706","Coletivo",57,6,18,NA,"Cazumba",2020
"707","Coletivo",57,7,14,NA,"Cazumba",2020
"708","Coletivo",57,8,17,NA,"Cazumba",2020
"709","Coletivo",57,9,16,NA,"Cazumba",2020
"710","Coletivo",57,10,15,NA,"Cazumba",2020
"711","Coletivo",44,1,16,1513,"Cazumba",2020
"712","Coletivo",44,2,16,NA,"Cazumba",2020
"713","Coletivo",44,3,16,NA,"Cazumba",2020
"714","Coletivo",44,4,19,NA,"Cazumba",2020
"715","Coletivo",44,5,15,NA,"Cazumba",2020
"716","Coletivo",44,6,18,NA,"Cazumba",2020
"717","Coletivo",44,7,21,NA,"Cazumba",2020
"718","Coletivo",44,8,18,NA,"Cazumba",2020
"719","Coletivo",44,9,17,NA,"Cazumba",2020
"720","Coletivo",44,10,24,NA,"Cazumba",2020
"721","Coletivo",46,1,18,1524,"Cazumba",2020
"722","Coletivo",46,2,16,NA,"Cazumba",2020
"723","Coletivo",46,3,19,NA,"Cazumba",2020
"724","Coletivo",46,4,23,NA,"Cazumba",2020
"725","Coletivo",46,5,20,NA,"Cazumba",2020
"726","Coletivo",46,6,18,NA,"Cazumba",2020
"727","Coletivo",46,7,18,NA,"Cazumba",2020
"728","Coletivo",46,8,18,NA,"Cazumba",2020
"729","Coletivo",46,9,13,NA,"Cazumba",2020
"730","Coletivo",46,10,21,NA,"Cazumba",2020
"731","Coletivo",54,1,16,1517,"Cazumba",2020
"732","Coletivo",54,2,22,NA,"Cazumba",2020
"733","Coletivo",54,3,18,NA,"Cazumba",2020
"734","Coletivo",54,4,20,NA,"Cazumba",2020
"735","Coletivo",54,5,24,NA,"Cazumba",2020
"736","Coletivo",54,6,18,NA,"Cazumba",2020
"737","Coletivo",54,7,23,NA,"Cazumba",2020
"738","Coletivo",54,8,17,NA,"Cazumba",2020
"739","Coletivo",54,9,23,NA,"Cazumba",2020
"740","Coletivo",54,10,18,NA,"Cazumba",2020
"741","Coletivo",165,1,18,1019,"Cazumba",2020
"742","Coletivo",165,2,19,NA,"Cazumba",2020
"743","Coletivo",165,3,19,NA,"Cazumba",2020
"744","Coletivo",165,4,19,NA,"Cazumba",2020
"745","Coletivo",165,5,20,NA,"Cazumba",2020
"746","Coletivo",165,6,19,NA,"Cazumba",2020
"747","Coletivo",165,7,22,NA,"Cazumba",2020
"748","Coletivo",165,8,17,NA,"Cazumba",2020
"749","Coletivo",165,9,17,NA,"Cazumba",2020
"750","Coletivo",165,10,20,NA,"Cazumba",2020
"751","Davi",327,1,20,2300,"Cazumba",2020
"752","Davi",327,2,21,NA,"Cazumba",2020
"753","Davi",327,3,15,NA,"Cazumba",2020
"754","Davi",327,4,23,NA,"Cazumba",2020
"755","Davi",327,5,16,NA,"Cazumba",2020
"756","Davi",327,6,23,NA,"Cazumba",2020
"757","Davi",327,7,16,NA,"Cazumba",2020
"758","Davi",327,8,24,NA,"Cazumba",2020
"759","Davi",327,9,23,NA,"Cazumba",2020
"760","Davi",327,10,15,NA,"Cazumba",2020
"761","Davi",322,1,16,1400,"Cazumba",2020
"762","Davi",322,2,17,NA,"Cazumba",2020
"763","Davi",322,3,15,NA,"Cazumba",2020
"764","Davi",322,4,15,NA,"Cazumba",2020
"765","Davi",322,5,23,NA,"Cazumba",2020
"766","Davi",322,6,20,NA,"Cazumba",2020
"767","Davi",322,7,20,NA,"Cazumba",2020
"768","Davi",322,8,20,NA,"Cazumba",2020
"769","Davi",322,9,14,NA,"Cazumba",2020
"770","Davi",322,10,15,NA,"Cazumba",2020
"771","Davi",NA,1,17,1700,"Cazumba",2020
"772","Davi",NA,2,21,NA,"Cazumba",2020
"773","Davi",NA,3,16,NA,"Cazumba",2020
"774","Davi",NA,4,18,NA,"Cazumba",2020
"775","Davi",NA,5,17,NA,"Cazumba",2020
"776","Davi",NA,6,22,NA,"Cazumba",2020
"777","Davi",NA,7,16,NA,"Cazumba",2020
"778","Davi",NA,8,12,NA,"Cazumba",2020
"779","Davi",NA,9,19,NA,"Cazumba",2020
"780","Davi",NA,10,18,NA,"Cazumba",2020
"781","Davi",312,1,21,1400,"Cazumba",2020
"782","Davi",312,2,20,NA,"Cazumba",2020
"783","Davi",312,3,16,NA,"Cazumba",2020
"784","Davi",312,4,21,NA,"Cazumba",2020
"785","Davi",312,5,16,NA,"Cazumba",2020
"786","Davi",312,6,15,NA,"Cazumba",2020
"787","Davi",312,7,21,NA,"Cazumba",2020
"788","Davi",312,8,13,NA,"Cazumba",2020
"789","Davi",312,9,13,NA,"Cazumba",2020
"790","Davi",312,10,17,NA,"Cazumba",2020
"791","Davi",361,1,18,1700,"Cazumba",2020
"792","Davi",361,2,14,NA,"Cazumba",2020
"793","Davi",361,3,14,NA,"Cazumba",2020
"794","Davi",361,4,17,NA,"Cazumba",2020
"795","Davi",361,5,22,NA,"Cazumba",2020
"796","Davi",361,6,20,NA,"Cazumba",2020
"797","Davi",361,7,19,NA,"Cazumba",2020
"798","Davi",361,8,18,NA,"Cazumba",2020
"799","Davi",361,9,19,NA,"Cazumba",2020
"800","Davi",361,10,21,NA,"Cazumba",2020
"801","Mariazinha",227,1,16,1130,"Cazumba",2020
"802","Mariazinha",227,2,18,NA,"Cazumba",2020
"803","Mariazinha",227,3,14,NA,"Cazumba",2020
"804","Mariazinha",227,4,17,NA,"Cazumba",2020
"805","Mariazinha",227,5,18,NA,"Cazumba",2020
"806","Mariazinha",227,6,16,NA,"Cazumba",2020
"807","Mariazinha",227,7,17,NA,"Cazumba",2020
"808","Mariazinha",227,8,11,NA,"Cazumba",2020
"809","Mariazinha",227,9,13,NA,"Cazumba",2020
"810","Mariazinha",227,10,16,NA,"Cazumba",2020
"811","Mariazinha",230,1,15,1850,"Cazumba",2020
"812","Mariazinha",230,2,20,NA,"Cazumba",2020
"813","Mariazinha",230,3,19,NA,"Cazumba",2020
"814","Mariazinha",230,4,14,NA,"Cazumba",2020
"815","Mariazinha",230,5,15,NA,"Cazumba",2020
"816","Mariazinha",230,6,21,NA,"Cazumba",2020
"817","Mariazinha",230,7,17,NA,"Cazumba",2020
"818","Mariazinha",230,8,17,NA,"Cazumba",2020
"819","Mariazinha",230,9,18,NA,"Cazumba",2020
"820","Mariazinha",230,10,18,NA,"Cazumba",2020
"821","Mariazinha",217,1,25,1810,"Cazumba",2020
"822","Mariazinha",217,2,20,NA,"Cazumba",2020
"823","Mariazinha",217,3,22,NA,"Cazumba",2020
"824","Mariazinha",217,4,20,NA,"Cazumba",2020
"825","Mariazinha",217,5,25,NA,"Cazumba",2020
"826","Mariazinha",217,6,20,NA,"Cazumba",2020
"827","Mariazinha",217,7,24,NA,"Cazumba",2020
"828","Mariazinha",217,8,19,NA,"Cazumba",2020
"829","Mariazinha",217,9,23,NA,"Cazumba",2020
"830","Mariazinha",217,10,21,NA,"Cazumba",2020
"831","Mariazinha",222,1,18,1880,"Cazumba",2020
"832","Mariazinha",222,2,15,NA,"Cazumba",2020
"833","Mariazinha",222,3,19,NA,"Cazumba",2020
"834","Mariazinha",222,4,22,NA,"Cazumba",2020
"835","Mariazinha",222,5,16,NA,"Cazumba",2020
"836","Mariazinha",222,6,17,NA,"Cazumba",2020
"837","Mariazinha",222,7,17,NA,"Cazumba",2020
"838","Mariazinha",222,8,20,NA,"Cazumba",2020
"839","Mariazinha",222,9,14,NA,"Cazumba",2020
"840","Mariazinha",222,10,17,NA,"Cazumba",2020
"841","Mariazinha",246,1,21,1735,"Cazumba",2020
"842","Mariazinha",246,2,18,NA,"Cazumba",2020
"843","Mariazinha",246,3,21,NA,"Cazumba",2020
"844","Mariazinha",246,4,21,NA,"Cazumba",2020
"845","Mariazinha",246,5,18,NA,"Cazumba",2020
"846","Mariazinha",246,6,16,NA,"Cazumba",2020
"847","Mariazinha",246,7,17,NA,"Cazumba",2020
"848","Mariazinha",246,8,22,NA,"Cazumba",2020
"849","Mariazinha",246,9,18,NA,"Cazumba",2020
"850","Mariazinha",246,10,18,NA,"Cazumba",2020
"851","Zequinha",673,1,NA,NA,"Cazumba",2020
"852","Zequinha",673,2,NA,NA,"Cazumba",2020
"853","Zequinha",673,3,NA,NA,"Cazumba",2020
"854","Zequinha",673,4,NA,NA,"Cazumba",2020
"855","Zequinha",673,5,NA,NA,"Cazumba",2020
"856","Zequinha",673,6,NA,NA,"Cazumba",2020
"857","Zequinha",673,7,NA,NA,"Cazumba",2020
"858","Zequinha",673,8,NA,NA,"Cazumba",2020
"859","Zequinha",673,9,NA,NA,"Cazumba",2020
"860","Zequinha",673,10,NA,NA,"Cazumba",2020
"861","Zequinha",683,1,22,1700,"Cazumba",2020
"862","Zequinha",683,2,19,NA,"Cazumba",2020
"863","Zequinha",683,3,20,NA,"Cazumba",2020
"864","Zequinha",683,4,21,NA,"Cazumba",2020
"865","Zequinha",683,5,18,NA,"Cazumba",2020
"866","Zequinha",683,6,22,NA,"Cazumba",2020
"867","Zequinha",683,7,19,NA,"Cazumba",2020
"868","Zequinha",683,8,20,NA,"Cazumba",2020
"869","Zequinha",683,9,21,NA,"Cazumba",2020
"870","Zequinha",683,10,18,NA,"Cazumba",2020
"871","Zequinha",714,1,22,2200,"Cazumba",2020
"872","Zequinha",714,2,20,NA,"Cazumba",2020
"873","Zequinha",714,3,19,NA,"Cazumba",2020
"874","Zequinha",714,4,21,NA,"Cazumba",2020
"875","Zequinha",714,5,18,NA,"Cazumba",2020
"876","Zequinha",714,6,22,NA,"Cazumba",2020
"877","Zequinha",714,7,20,NA,"Cazumba",2020
"878","Zequinha",714,8,19,NA,"Cazumba",2020
"879","Zequinha",714,9,21,NA,"Cazumba",2020
"880","Zequinha",714,10,NA,NA,"Cazumba",2020
"881","Zequinha",729,1,14,1800,"Cazumba",2020
"882","Zequinha",729,2,16,NA,"Cazumba",2020
"883","Zequinha",729,3,15,NA,"Cazumba",2020
"884","Zequinha",729,4,19,NA,"Cazumba",2020
"885","Zequinha",729,5,18,NA,"Cazumba",2020
"886","Zequinha",729,6,17,NA,"Cazumba",2020
"887","Zequinha",729,7,14,NA,"Cazumba",2020
"888","Zequinha",729,8,16,NA,"Cazumba",2020
"889","Zequinha",729,9,19,NA,"Cazumba",2020
"890","Zequinha",729,10,15,NA,"Cazumba",2020
"891","Zequinha",764,1,18,1800,"Cazumba",2020
"892","Zequinha",764,2,15,NA,"Cazumba",2020
"893","Zequinha",764,3,17,NA,"Cazumba",2020
"894","Zequinha",764,4,16,NA,"Cazumba",2020
"895","Zequinha",764,5,19,NA,"Cazumba",2020
"896","Zequinha",764,6,17,NA,"Cazumba",2020
"897","Zequinha",764,7,15,NA,"Cazumba",2020
"898","Zequinha",764,8,18,NA,"Cazumba",2020
"899","Zequinha",764,9,16,NA,"Cazumba",2020
"900","Zequinha",764,10,14,NA,"Cazumba",2020
"901","Zirmao 2",783,1,18,1045,"Cazumba",2020
"902","Zirmao 2",783,2,18,NA,"Cazumba",2020
"903","Zirmao 2",783,3,24,NA,"Cazumba",2020
"904","Zirmao 2",783,4,20,NA,"Cazumba",2020
"905","Zirmao 2",783,5,16,NA,"Cazumba",2020
"906","Zirmao 2",783,6,15,NA,"Cazumba",2020
"907","Zirmao 2",783,7,18,NA,"Cazumba",2020
"908","Zirmao 2",783,8,15,NA,"Cazumba",2020
"909","Zirmao 2",783,9,15,NA,"Cazumba",2020
"910","Zirmao 2",783,10,18,NA,"Cazumba",2020
"911","Zirmao 2",798,1,19,1805,"Cazumba",2020
"912","Zirmao 2",798,2,19,NA,"Cazumba",2020
"913","Zirmao 2",798,3,20,NA,"Cazumba",2020
"914","Zirmao 2",798,4,20,NA,"Cazumba",2020
"915","Zirmao 2",798,5,25,NA,"Cazumba",2020
"916","Zirmao 2",798,6,19,NA,"Cazumba",2020
"917","Zirmao 2",798,7,18,NA,"Cazumba",2020
"918","Zirmao 2",798,8,21,NA,"Cazumba",2020
"919","Zirmao 2",798,9,23,NA,"Cazumba",2020
"920","Zirmao 2",798,10,22,NA,"Cazumba",2020
"921","Zirmao 2",817,1,19,1650,"Cazumba",2020
"922","Zirmao 2",817,2,20,NA,"Cazumba",2020
"923","Zirmao 2",817,3,16,NA,"Cazumba",2020
"924","Zirmao 2",817,4,19,NA,"Cazumba",2020
"925","Zirmao 2",817,5,20,NA,"Cazumba",2020
"926","Zirmao 2",817,6,20,NA,"Cazumba",2020
"927","Zirmao 2",817,7,15,NA,"Cazumba",2020
"928","Zirmao 2",817,8,17,NA,"Cazumba",2020
"929","Zirmao 2",817,9,17,NA,"Cazumba",2020
"930","Zirmao 2",817,10,17,NA,"Cazumba",2020
"931","Zirmao 2",828,1,21,1405,"Cazumba",2020
"932","Zirmao 2",828,2,20,NA,"Cazumba",2020
"933","Zirmao 2",828,3,22,NA,"Cazumba",2020
"934","Zirmao 2",828,4,16,NA,"Cazumba",2020
"935","Zirmao 2",828,5,17,NA,"Cazumba",2020
"936","Zirmao 2",828,6,21,NA,"Cazumba",2020
"937","Zirmao 2",828,7,17,NA,"Cazumba",2020
"938","Zirmao 2",828,8,24,NA,"Cazumba",2020
"939","Zirmao 2",828,9,19,NA,"Cazumba",2020
"940","Zirmao 2",828,10,20,NA,"Cazumba",2020
"941","Zirmao 2",843,1,19,1645,"Cazumba",2020
"942","Zirmao 2",843,2,19,NA,"Cazumba",2020
"943","Zirmao 2",843,3,19,NA,"Cazumba",2020
"944","Zirmao 2",843,4,18,NA,"Cazumba",2020
"945","Zirmao 2",843,5,16,NA,"Cazumba",2020
"946","Zirmao 2",843,6,18,NA,"Cazumba",2020
"947","Zirmao 2",843,7,20,NA,"Cazumba",2020
"948","Zirmao 2",843,8,19,NA,"Cazumba",2020
"949","Zirmao 2",843,9,19,NA,"Cazumba",2020
"950","Zirmao 2",843,10,14,NA,"Cazumba",2020
"951","Irmaos Gamas",568,1,21,1550,"Cazumba",2020
"952","Irmaos Gamas",568,2,18,NA,"Cazumba",2020
"953","Irmaos Gamas",568,3,19,NA,"Cazumba",2020
"954","Irmaos Gamas",568,4,18,NA,"Cazumba",2020
"955","Irmaos Gamas",568,5,17,NA,"Cazumba",2020
"956","Irmaos Gamas",568,6,23,NA,"Cazumba",2020
"957","Irmaos Gamas",568,7,15,NA,"Cazumba",2020
"958","Irmaos Gamas",568,8,21,NA,"Cazumba",2020
"959","Irmaos Gamas",568,9,20,NA,"Cazumba",2020
"960","Irmaos Gamas",568,10,20,NA,"Cazumba",2020
"961","Irmaos Gamas",573,1,23,1100,"Cazumba",2020
"962","Irmaos Gamas",573,2,19,NA,"Cazumba",2020
"963","Irmaos Gamas",573,3,20,NA,"Cazumba",2020
"964","Irmaos Gamas",573,4,23,NA,"Cazumba",2020
"965","Irmaos Gamas",573,5,17,NA,"Cazumba",2020
"966","Irmaos Gamas",573,6,18,NA,"Cazumba",2020
"967","Irmaos Gamas",573,7,24,NA,"Cazumba",2020
"968","Irmaos Gamas",573,8,21,NA,"Cazumba",2020
"969","Irmaos Gamas",573,9,21,NA,"Cazumba",2020
"970","Irmaos Gamas",573,10,22,NA,"Cazumba",2020
"971","Irmaos Gamas",581,1,21,1600,"Cazumba",2020
"972","Irmaos Gamas",581,2,27,NA,"Cazumba",2020
"973","Irmaos Gamas",581,3,22,NA,"Cazumba",2020
"974","Irmaos Gamas",581,4,25,NA,"Cazumba",2020
"975","Irmaos Gamas",581,5,26,NA,"Cazumba",2020
"976","Irmaos Gamas",581,6,21,NA,"Cazumba",2020
"977","Irmaos Gamas",581,7,29,NA,"Cazumba",2020
"978","Irmaos Gamas",581,8,28,NA,"Cazumba",2020
"979","Irmaos Gamas",581,9,25,NA,"Cazumba",2020
"980","Irmaos Gamas",581,10,30,NA,"Cazumba",2020
"981","Irmaos Gamas",582,1,16,850,"Cazumba",2020
"982","Irmaos Gamas",582,2,17,NA,"Cazumba",2020
"983","Irmaos Gamas",582,3,18,NA,"Cazumba",2020
"984","Irmaos Gamas",582,4,18,NA,"Cazumba",2020
"985","Irmaos Gamas",582,5,20,NA,"Cazumba",2020
"986","Irmaos Gamas",582,6,19,NA,"Cazumba",2020
"987","Irmaos Gamas",582,7,19,NA,"Cazumba",2020
"988","Irmaos Gamas",582,8,15,NA,"Cazumba",2020
"989","Irmaos Gamas",582,9,14,NA,"Cazumba",2020
"990","Irmaos Gamas",582,10,14,NA,"Cazumba",2020
"991","Irmaos Gamas",587,1,16,1300,"Cazumba",2020
"992","Irmaos Gamas",587,2,20,NA,"Cazumba",2020
"993","Irmaos Gamas",587,3,17,NA,"Cazumba",2020
"994","Irmaos Gamas",587,4,22,NA,"Cazumba",2020
"995","Irmaos Gamas",587,5,17,NA,"Cazumba",2020
"996","Irmaos Gamas",587,6,18,NA,"Cazumba",2020
"997","Irmaos Gamas",587,7,17,NA,"Cazumba",2020
"998","Irmaos Gamas",587,8,18,NA,"Cazumba",2020
"999","Irmaos Gamas",587,9,20,NA,"Cazumba",2020
"1000","Irmaos Gamas",587,10,17,NA,"Cazumba",2020
"1001","Dimar",590,1,18,1038,"Cazumba",2020
"1002","Dimar",590,2,19,NA,"Cazumba",2020
"1003","Dimar",590,3,21,NA,"Cazumba",2020
"1004","Dimar",590,4,20,NA,"Cazumba",2020
"1005","Dimar",590,5,19,NA,"Cazumba",2020
"1006","Dimar",590,6,18,NA,"Cazumba",2020
"1007","Dimar",590,7,20,NA,"Cazumba",2020
"1008","Dimar",590,8,19,NA,"Cazumba",2020
"1009","Dimar",590,9,20,NA,"Cazumba",2020
"1010","Dimar",590,10,16,NA,"Cazumba",2020
"1011","Dimar",591,1,22,1354,"Cazumba",2020
"1012","Dimar",591,2,19,NA,"Cazumba",2020
"1013","Dimar",591,3,19,NA,"Cazumba",2020
"1014","Dimar",591,4,16,NA,"Cazumba",2020
"1015","Dimar",591,5,22,NA,"Cazumba",2020
"1016","Dimar",591,6,15,NA,"Cazumba",2020
"1017","Dimar",591,7,17,NA,"Cazumba",2020
"1018","Dimar",591,8,20,NA,"Cazumba",2020
"1019","Dimar",591,9,18,NA,"Cazumba",2020
"1020","Dimar",591,10,21,NA,"Cazumba",2020
"1021","Dimar",598,1,17,1306,"Cazumba",2020
"1022","Dimar",598,2,21,NA,"Cazumba",2020
"1023","Dimar",598,3,19,NA,"Cazumba",2020
"1024","Dimar",598,4,19,NA,"Cazumba",2020
"1025","Dimar",598,5,15,NA,"Cazumba",2020
"1026","Dimar",598,6,21,NA,"Cazumba",2020
"1027","Dimar",598,7,20,NA,"Cazumba",2020
"1028","Dimar",598,8,20,NA,"Cazumba",2020
"1029","Dimar",598,9,19,NA,"Cazumba",2020
"1030","Dimar",598,10,20,NA,"Cazumba",2020
"1031","Dimar",595,1,21,1770,"Cazumba",2020
"1032","Dimar",595,2,17,NA,"Cazumba",2020
"1033","Dimar",595,3,22,NA,"Cazumba",2020
"1034","Dimar",595,4,18,NA,"Cazumba",2020
"1035","Dimar",595,5,19,NA,"Cazumba",2020
"1036","Dimar",595,6,22,NA,"Cazumba",2020
"1037","Dimar",595,7,17,NA,"Cazumba",2020
"1038","Dimar",595,8,21,NA,"Cazumba",2020
"1039","Dimar",595,9,20,NA,"Cazumba",2020
"1040","Dimar",595,10,17,NA,"Cazumba",2020
"1041","Dimar",596,1,NA,NA,"Cazumba",2020
"1042","Dimar",596,2,NA,NA,"Cazumba",2020
"1043","Dimar",596,3,NA,NA,"Cazumba",2020
"1044","Dimar",596,4,NA,NA,"Cazumba",2020
"1045","Dimar",596,5,NA,NA,"Cazumba",2020
"1046","Dimar",596,6,NA,NA,"Cazumba",2020
"1047","Dimar",596,7,NA,NA,"Cazumba",2020
"1048","Dimar",596,8,NA,NA,"Cazumba",2020
"1049","Dimar",596,9,NA,NA,"Cazumba",2020
"1050","Dimar",596,10,NA,NA,"Cazumba",2020
"1051","Marizan",600,1,25,2000,"Cazumba",2020
"1052","Marizan",600,2,26,NA,"Cazumba",2020
"1053","Marizan",600,3,26,NA,"Cazumba",2020
"1054","Marizan",600,4,26,NA,"Cazumba",2020
"1055","Marizan",600,5,24,NA,"Cazumba",2020
"1056","Marizan",600,6,33,NA,"Cazumba",2020
"1057","Marizan",600,7,33,NA,"Cazumba",2020
"1058","Marizan",600,8,27,NA,"Cazumba",2020
"1059","Marizan",600,9,23,NA,"Cazumba",2020
"1060","Marizan",600,10,28,NA,"Cazumba",2020
"1061","Marizan",601,1,22,1700,"Cazumba",2020
"1062","Marizan",601,2,21,NA,"Cazumba",2020
"1063","Marizan",601,3,21,NA,"Cazumba",2020
"1064","Marizan",601,4,23,NA,"Cazumba",2020
"1065","Marizan",601,5,22,NA,"Cazumba",2020
"1066","Marizan",601,6,20,NA,"Cazumba",2020
"1067","Marizan",601,7,21,NA,"Cazumba",2020
"1068","Marizan",601,8,21,NA,"Cazumba",2020
"1069","Marizan",601,9,20,NA,"Cazumba",2020
"1070","Marizan",601,10,16,NA,"Cazumba",2020
"1071","Marizan",603,1,19,2600,"Cazumba",2020
"1072","Marizan",603,2,26,NA,"Cazumba",2020
"1073","Marizan",603,3,27,NA,"Cazumba",2020
"1074","Marizan",603,4,26,NA,"Cazumba",2020
"1075","Marizan",603,5,26,NA,"Cazumba",2020
"1076","Marizan",603,6,25,NA,"Cazumba",2020
"1077","Marizan",603,7,21,NA,"Cazumba",2020
"1078","Marizan",603,8,26,NA,"Cazumba",2020
"1079","Marizan",603,9,28,NA,"Cazumba",2020
"1080","Marizan",603,10,24,NA,"Cazumba",2020
"1081","Marizan",606,1,20,1400,"Cazumba",2020
"1082","Marizan",606,2,17,NA,"Cazumba",2020
"1083","Marizan",606,3,13,NA,"Cazumba",2020
"1084","Marizan",606,4,16,NA,"Cazumba",2020
"1085","Marizan",606,5,15,NA,"Cazumba",2020
"1086","Marizan",606,6,19,NA,"Cazumba",2020
"1087","Marizan",606,7,15,NA,"Cazumba",2020
"1088","Marizan",606,8,16,NA,"Cazumba",2020
"1089","Marizan",606,9,17,NA,"Cazumba",2020
"1090","Marizan",606,10,10,NA,"Cazumba",2020
"1091","Marizan",609,1,15,1000,"Cazumba",2020
"1092","Marizan",609,2,18,NA,"Cazumba",2020
"1093","Marizan",609,3,19,NA,"Cazumba",2020
"1094","Marizan",609,4,18,NA,"Cazumba",2020
"1095","Marizan",609,5,16,NA,"Cazumba",2020
"1096","Marizan",609,6,17,NA,"Cazumba",2020
"1097","Marizan",609,7,17,NA,"Cazumba",2020
"1098","Marizan",609,8,17,NA,"Cazumba",2020
"1099","Marizan",609,9,27,NA,"Cazumba",2020
"1100","Marizan",609,10,24,NA,"Cazumba",2020
"1101","Coletivo",NA,NA,NA,NA,"Cazumba",2021
"1102","Davi",NA,NA,NA,NA,"Cazumba",2021
"1103","Dimar",NA,NA,NA,NA,"Cazumba",2018
"1104","Dimar",NA,NA,NA,NA,"Cazumba",2021
"1105","Irmãos Gamas",NA,NA,NA,NA,"Cazumba",2018
"1106","Irmãos Gamas",NA,NA,NA,NA,"Cazumba",2021
"1107","Mariazinha",NA,NA,NA,NA,"Cazumba",2021
"1108","Marizan",NA,NA,NA,NA,"Cazumba",2018
"1109","Marizan",NA,NA,NA,NA,"Cazumba",2021
"1110","Zequinha",NA,NA,NA,NA,"Cazumba",2018
"1111","Zequinha",NA,NA,NA,NA,"Cazumba",2021
"1112","Zirmão",NA,NA,NA,NA,"Cazumba",2021
"1113","Zirmão 2",NA,NA,NA,NA,"Cazumba",2018
"1114","Zirmão 2",NA,NA,NA,NA,"Cazumba",2021
